run_id,ticker,run_date,run_timestamp,mode,provider,current_price,recommendation,confidence,target_1w,target_2w,target_3w,target_1m,target_3m,target_6m,target_9m,target_12m,ml_5d_direction,ml_5d_prob_up,ml_21d_direction,ml_21d_prob_up,ml_5d_expected_return,ml_21d_expected_return,score_fundamental,score_technical,score_valuation,score_risk,score_composite,tech_verdict,fundamental_verdict,valuation_verdict,sentiment_verdict,headline_1,headline_2,headline_3,sentiment_score,sentiment_label,key_catalysts,key_bull_case,key_bear_case,avg_volume_5d,volume_ratio_20d,put_call_ratio,options_iv_avg,short_ratio,short_pct_float,actual_1w,actual_2w,actual_3w,actual_1m,actual_3m,actual_6m,actual_9m,actual_12m,dir_correct_1w,dir_correct_2w,dir_correct_3w,dir_correct_1m,dir_correct_3m,dir_correct_6m,dir_correct_9m,dir_correct_12m,pct_error_1w,pct_error_2w,pct_error_3w,pct_error_1m,pct_error_3m,pct_error_6m,pct_error_9m,pct_error_12m,ml_5d_correct,ml_21d_correct,rec_correct
KEEL_20250527_backfill_6bd620,KEEL,2025-05-27,2025-05-27T00:00:00,backfill,backfill,1.07,,,,,,,,,,,DOWN,0.2366,DOWN,0.2668,-5.67,-12.36,,,,,,,,,,,,,,,,,,,,,,,,0.92,0.96,0.803,0.796,1.3,2.79,2.33,5.62,0,0,0,0,1,1,1,1,,,,,,,,,1,1,
KEEL_20250528_backfill_29143c,KEEL,2025-05-28,2025-05-28T00:00:00,backfill,backfill,0.982,,,,,,,,,,,DOWN,0.2799,DOWN,0.1476,-3.28,-2.9,,,,,,,,,,,,,,,,,,,,,,,,0.932,0.896,0.795,0.746,1.34,2.77,2.2,5.68,0,0,0,0,1,1,1,1,,,,,,,,,1,1,
KEEL_20250529_backfill_6e482a,KEEL,2025-05-29,2025-05-29T00:00:00,backfill,backfill,0.936,,,,,,,,,,,DOWN,0.2556,DOWN,0.1803,-3.59,-5.23,,,,,,,,,,,,,,,,,,,,,,,,0.86,0.87,0.776,0.84,1.32,3.1,2.15,6.1,0,0,0,0,1,1,1,1,,,,,,,,,1,1,
KEEL_20250530_backfill_463b8d,KEEL,2025-05-30,2025-05-30T00:00:00,backfill,backfill,0.921,,,,,,,,,,,DOWN,0.3598,DOWN,0.1762,-2.23,-12.25,,,,,,,,,,,,,,,,,,,,,,,,0.897,0.839,0.747,0.844,1.34,3.48,1.99,6.14,0,0,0,0,1,1,1,1,,,,,,,,,1,1,
KEEL_20250602_backfill_a51fd9,KEEL,2025-06-02,2025-06-02T00:00:00,backfill,backfill,0.916,,,,,,,,,,,UP,0.5654,DOWN,0.1868,-1.16,-8.83,,,,,,,,,,,,,,,,,,,,,,,,0.924,0.85,0.8,1.01,1.34,3.28,2.24,6.15,1,0,0,1,1,1,1,1,,,,,,,,,1,0,
KEEL_20250603_backfill_35576f,KEEL,2025-06-03,2025-06-03T00:00:00,backfill,backfill,0.92,,,,,,,,,,,UP,0.6026,DOWN,0.194,-0.01,-5.04,,,,,,,,,,,,,,,,,,,,,,,,0.96,0.803,0.802,1.02,1.29,3.1,2.22,5.93,1,0,0,1,1,1,1,1,,,,,,,,,1,0,
KEEL_20250604_backfill_fda54f,KEEL,2025-06-04,2025-06-04T00:00:00,backfill,backfill,0.932,,,,,,,,,,,DOWN,0.34,DOWN,0.3131,-2.53,-4.46,,,,,,,,,,,,,,,,,,,,,,,,0.896,0.795,0.796,1.03,1.25,3.11,2.04,5.13,0,0,0,1,1,1,1,1,,,,,,,,,1,0,
KEEL_20250605_backfill_78e4f4,KEEL,2025-06-05,2025-06-05T00:00:00,backfill,backfill,0.86,,,,,,,,,,,UP,0.6055,DOWN,0.2907,0.13,-5.04,,,,,,,,,,,,,,,,,,,,,,,,0.87,0.776,0.746,1.03,1.29,3.1,2.11,5.66,1,0,0,1,1,1,1,1,,,,,,,,,1,0,
KEEL_20250606_backfill_c20d19,KEEL,2025-06-06,2025-06-06T00:00:00,backfill,backfill,0.897,,,,,,,,,,,DOWN,0.3618,DOWN,0.2895,-2.57,-6.35,,,,,,,,,,,,,,,,,,,,,,,,0.839,0.747,0.84,1.03,1.28,2.92,2.16,5.42,0,0,0,1,1,1,1,1,,,,,,,,,1,0,
KEEL_20250609_backfill_9f84e0,KEEL,2025-06-09,2025-06-09T00:00:00,backfill,backfill,0.924,,,,,,,,,,,DOWN,0.2984,DOWN,0.22,-3.8,-11.98,,,,,,,,,,,,,,,,,,,,,,,,0.85,0.8,0.844,1.07,1.59,2.91,2.24,5.25,0,0,0,1,1,1,1,1,,,,,,,,,1,0,
KEEL_20250610_backfill_e95f05,KEEL,2025-06-10,2025-06-10T00:00:00,backfill,backfill,0.96,,,,,,,,,,,DOWN,0.3162,DOWN,0.1806,-4.53,-13.07,,,,,,,,,,,,,,,,,,,,,,,,0.803,0.802,1.01,1.07,1.75,3.01,2.22,5.52,0,0,1,1,1,1,1,1,,,,,,,,,1,0,
KEEL_20250611_backfill_405726,KEEL,2025-06-11,2025-06-11T00:00:00,backfill,backfill,0.896,,,,,,,,,,,DOWN,0.2987,DOWN,0.178,-2.84,-17.12,,,,,,,,,,,,,,,,,,,,,,,,0.795,0.796,1.02,1.08,2.04,2.94,2.24,5.59,0,0,1,1,1,1,1,1,,,,,,,,,1,0,
KEEL_20250612_backfill_f55ffe,KEEL,2025-06-12,2025-06-12T00:00:00,backfill,backfill,0.87,,,,,,,,,,,DOWN,0.355,DOWN,0.2907,-2.59,-11.82,,,,,,,,,,,,,,,,,,,,,,,,0.776,0.746,1.03,1.02,2.23,2.94,2.26,5.66,0,0,1,1,1,1,1,1,,,,,,,,,1,0,
KEEL_20250613_backfill_210f44,KEEL,2025-06-13,2025-06-13T00:00:00,backfill,backfill,0.839,,,,,,,,,,,UP,0.5208,DOWN,0.2386,0.72,-14.18,,,,,,,,,,,,,,,,,,,,,,,,0.747,0.84,1.03,1.04,2.48,2.74,2.37,5.96,0,1,1,1,1,1,1,1,,,,,,,,,0,0,
KEEL_20250616_backfill_4a59b4,KEEL,2025-06-16,2025-06-16T00:00:00,backfill,backfill,0.85,,,,,,,,,,,UP,0.5511,DOWN,0.2677,0.53,-12.41,,,,,,,,,,,,,,,,,,,,,,,,0.8,0.844,1.03,1.08,2.89,2.53,2.32,5.97,0,0,1,1,1,1,1,1,,,,,,,,,0,0,
KEEL_20250617_backfill_415dd3,KEEL,2025-06-17,2025-06-17T00:00:00,backfill,backfill,0.803,,,,,,,,,,,UP,0.6538,DOWN,0.2036,2.0,-14.99,,,,,,,,,,,,,,,,,,,,,,,,0.802,1.01,1.07,1.04,3.05,2.43,2.39,6.29,0,1,1,1,1,1,1,1,,,,,,,,,0,0,
KEEL_20250618_backfill_18d04b,KEEL,2025-06-18,2025-06-18T00:00:00,backfill,backfill,0.795,,,,,,,,,,,UP,0.6226,DOWN,0.2766,-0.28,-9.22,,,,,,,,,,,,,,,,,,,,,,,,0.796,1.02,1.07,1.13,3.2,2.32,2.17,6.29,1,1,1,1,1,1,1,,,,,,,,,,1,0,
KEEL_20250620_backfill_696b58,KEEL,2025-06-20,2025-06-20T00:00:00,backfill,backfill,0.776,,,,,,,,,,,UP,0.6039,DOWN,0.23,0.96,-13.48,,,,,,,,,,,,,,,,,,,,,,,,0.746,1.03,1.08,1.32,3.12,2.27,2.31,6.29,0,1,1,1,1,1,1,,,,,,,,,,0,0,
KEEL_20250623_backfill_fbec5a,KEEL,2025-06-23,2025-06-23T00:00:00,backfill,backfill,0.747,,,,,,,,,,,UP,0.7655,DOWN,0.2875,1.2,-10.18,,,,,,,,,,,,,,,,,,,,,,,,0.84,1.03,1.02,1.27,3.07,2.53,2.21,6.6,1,1,1,1,1,1,1,,,,,,,,,,1,0,
KEEL_20250624_backfill_b0c7fa,KEEL,2025-06-24,2025-06-24T00:00:00,backfill,backfill,0.8,,,,,,,,,,,DOWN,0.4023,DOWN,0.1276,-3.92,-18.82,,,,,,,,,,,,,,,,,,,,,,,,0.844,1.03,1.04,1.23,2.59,2.69,2.21,6.6,1,1,1,1,1,1,1,,,,,,,,,,0,0,
KEEL_20250625_backfill_6257b3,KEEL,2025-06-25,2025-06-25T00:00:00,backfill,backfill,0.802,,,,,,,,,,,DOWN,0.3905,DOWN,0.132,-4.85,-17.62,,,,,,,,,,,,,,,,,,,,,,,,1.01,1.07,1.08,1.23,2.775,2.65,2.05,5.87,1,1,1,1,1,1,1,,,,,,,,,,0,0,
KEEL_20250626_backfill_6beae7,KEEL,2025-06-26,2025-06-26T00:00:00,backfill,backfill,0.796,,,,,,,,,,,DOWN,0.3504,DOWN,0.2296,-5.33,-15.52,,,,,,,,,,,,,,,,,,,,,,,,1.02,1.07,1.04,1.28,2.68,2.67,1.95,6.03,1,1,1,1,1,1,1,,,,,,,,,,0,0,
KEEL_20250627_backfill_b29ab1,KEEL,2025-06-27,2025-06-27T00:00:00,backfill,backfill,0.746,,,,,,,,,,,UP,0.5006,DOWN,0.2591,-0.41,-13.05,,,,,,,,,,,,,,,,,,,,,,,,1.03,1.08,1.13,1.24,2.54,2.48,1.84,6.03,1,1,1,1,1,1,1,,,,,,,,,,1,0,
KEEL_20250630_backfill_fdcde9,KEEL,2025-06-30,2025-06-30T00:00:00,backfill,backfill,0.84,,,,,,,,,,,DOWN,0.2633,DOWN,0.2298,-7.67,-13.89,,,,,,,,,,,,,,,,,,,,,,,,1.03,1.02,1.32,1.2,2.82,2.46,1.95,5.74,1,1,1,1,1,1,1,,,,,,,,,,0,0,
KEEL_20250701_backfill_9e7896,KEEL,2025-07-01,2025-07-01T00:00:00,backfill,backfill,0.844,,,,,,,,,,,DOWN,0.2815,DOWN,0.2072,-8.39,-13.35,,,,,,,,,,,,,,,,,,,,,,,,1.03,1.04,1.27,1.26,2.82,2.38,1.98,5.38,1,1,1,1,1,1,1,,,,,,,,,,0,0,
KEEL_20250702_backfill_648fac,KEEL,2025-07-02,2025-07-02T00:00:00,backfill,backfill,1.01,,,,,,,,,,,UP,0.5996,DOWN,0.419,4.74,6.83,,,,,,,,,,,,,,,,,,,,,,,,1.07,1.08,1.23,1.16,2.8,2.35,1.98,4.59,1,1,1,1,1,1,1,,,,,,,,,,1,0,
KEEL_20250703_backfill_90c42b,KEEL,2025-07-03,2025-07-03T00:00:00,backfill,backfill,1.02,,,,,,,,,,,UP,0.5974,DOWN,0.4056,11.9,4.65,,,,,,,,,,,,,,,,,,,,,,,,1.07,1.04,1.23,1.2,2.93,2.6,2.16,4.59,1,1,1,1,1,1,1,,,,,,,,,,1,0,
KEEL_20250707_backfill_3c03cd,KEEL,2025-07-07,2025-07-07T00:00:00,backfill,backfill,1.03,,,,,,,,,,,UP,0.6013,DOWN,0.3449,15.08,6.92,,,,,,,,,,,,,,,,,,,,,,,,1.08,1.13,1.28,1.23,3.01,2.88,2.04,,1,1,1,1,1,1,1,,,,,,,,,,1,0,
KEEL_20250708_backfill_8af840,KEEL,2025-07-08,2025-07-08T00:00:00,backfill,backfill,1.03,,,,,,,,,,,UP,0.5529,DOWN,0.2753,7.98,-4.25,,,,,,,,,,,,,,,,,,,,,,,,1.02,1.32,1.24,1.27,3.46,2.87,2.11,,0,1,1,1,1,1,1,,,,,,,,,,0,0,
KEEL_20250709_backfill_801bf0,KEEL,2025-07-09,2025-07-09T00:00:00,backfill,backfill,1.03,,,,,,,,,,,UP,0.5649,DOWN,0.287,4.38,-6.17,,,,,,,,,,,,,,,,,,,,,,,,1.04,1.27,1.2,1.28,3.47,2.79,2.1,,1,1,1,1,1,1,1,,,,,,,,,,1,0,
KEEL_20250710_backfill_d61898,KEEL,2025-07-10,2025-07-10T00:00:00,backfill,backfill,1.07,,,,,,,,,,,UP,0.6107,DOWN,0.288,5.93,-6.24,,,,,,,,,,,,,,,,,,,,,,,,1.08,1.23,1.26,1.24,4.0,2.89,2.14,,1,1,1,1,1,1,1,,,,,,,,,,1,0,
KEEL_20250711_backfill_9e7fe9,KEEL,2025-07-11,2025-07-11T00:00:00,backfill,backfill,1.07,,,,,,,,,,,UP,0.6555,DOWN,0.2835,6.48,-4.84,,,,,,,,,,,,,,,,,,,,,,,,1.04,1.23,1.16,1.23,4.17,2.8,2.35,,0,1,1,1,1,1,1,,,,,,,,,,0,0,
KEEL_20250714_backfill_69114b,KEEL,2025-07-14,2025-07-14T00:00:00,backfill,backfill,1.08,,,,,,,,,,,UP,0.6007,DOWN,0.3031,6.1,-6.33,,,,,,,,,,,,,,,,,,,,,,,,1.13,1.28,1.2,1.27,4.2,3.03,2.84,,1,1,1,1,1,1,1,,,,,,,,,,1,0,
KEEL_20250715_backfill_1c72f2,KEEL,2025-07-15,2025-07-15T00:00:00,backfill,backfill,1.02,,,,,,,,,,,UP,0.6351,DOWN,0.2068,6.74,-5.38,,,,,,,,,,,,,,,,,,,,,,,,1.32,1.24,1.23,1.27,5.39,3.11,2.84,,1,1,1,1,1,1,1,,,,,,,,,,1,0,
KEEL_20250716_backfill_67f23a,KEEL,2025-07-16,2025-07-16T00:00:00,backfill,backfill,1.04,,,,,,,,,,,UP,0.5943,DOWN,0.2245,2.52,-9.04,,,,,,,,,,,,,,,,,,,,,,,,1.27,1.2,1.27,1.27,5.89,2.94,2.74,,1,1,1,1,1,1,1,,,,,,,,,,1,0,
KEEL_20250717_backfill_35a7b2,KEEL,2025-07-17,2025-07-17T00:00:00,backfill,backfill,1.08,,,,,,,,,,,DOWN,0.4199,DOWN,0.2424,1.83,-7.86,,,,,,,,,,,,,,,,,,,,,,,,1.23,1.26,1.28,1.26,6.47,2.84,2.88,,1,1,1,1,1,1,1,,,,,,,,,,0,0,
KEEL_20250718_backfill_2c471c,KEEL,2025-07-18,2025-07-18T00:00:00,backfill,backfill,1.04,,,,,,,,,,,DOWN,0.471,DOWN,0.181,2.76,-12.96,,,,,,,,,,,,,,,,,,,,,,,,1.23,1.16,1.24,1.38,5.28,2.95,2.88,,1,1,1,1,1,1,1,,,,,,,,,,0,0,
KEEL_20250721_backfill_8d1324,KEEL,2025-07-21,2025-07-21T00:00:00,backfill,backfill,1.13,,,,,,,,,,,DOWN,0.3929,UP,0.5062,-0.06,-5.98,,,,,,,,,,,,,,,,,,,,,,,,1.28,1.2,1.23,1.28,5.01,2.67,2.8,,1,1,1,1,1,1,1,,,,,,,,,,0,1,
KEEL_20250722_backfill_6f9736,KEEL,2025-07-22,2025-07-22T00:00:00,backfill,backfill,1.32,,,,,,,,,,,DOWN,0.3286,DOWN,0.4015,-1.84,-9.97,,,,,,,,,,,,,,,,,,,,,,,,1.24,1.23,1.27,1.26,4.98,2.69,3.04,,0,0,0,0,1,1,1,,,,,,,,,,1,1,
KEEL_20250723_backfill_4335ea,KEEL,2025-07-23,2025-07-23T00:00:00,backfill,backfill,1.27,,,,,,,,,,,DOWN,0.325,DOWN,0.3947,-2.87,-8.5,,,,,,,,,,,,,,,,,,,,,,,,1.2,1.27,1.27,1.23,4.49,2.66,3.24,,0,0,0,0,1,1,1,,,,,,,,,,1,1,
KEEL_20250724_backfill_7f24b6,KEEL,2025-07-24,2025-07-24T00:00:00,backfill,backfill,1.23,,,,,,,,,,,DOWN,0.4713,DOWN,0.35,-1.34,-12.77,,,,,,,,,,,,,,,,,,,,,,,,1.26,1.28,1.27,1.27,3.94,2.74,3.29,,1,1,1,1,1,1,1,,,,,,,,,,0,0,
KEEL_20250725_backfill_2e5678,KEEL,2025-07-25,2025-07-25T00:00:00,backfill,backfill,1.23,,,,,,,,,,,DOWN,0.3948,DOWN,0.2444,0.52,-12.92,,,,,,,,,,,,,,,,,,,,,,,,1.16,1.24,1.26,1.24,4.165,2.59,3.14,,0,1,1,1,1,1,1,,,,,,,,,,1,0,
KEEL_20250728_backfill_77da0e,KEEL,2025-07-28,2025-07-28T00:00:00,backfill,backfill,1.28,,,,,,,,,,,DOWN,0.3299,DOWN,0.2125,-2.24,-15.33,,,,,,,,,,,,,,,,,,,,,,,,1.2,1.23,1.38,1.3,4.61,2.6,2.89,,0,0,1,1,1,1,1,,,,,,,,,,1,0,
KEEL_20250729_backfill_932760,KEEL,2025-07-29,2025-07-29T00:00:00,backfill,backfill,1.24,,,,,,,,,,,DOWN,0.4725,DOWN,0.1338,1.02,-14.34,,,,,,,,,,,,,,,,,,,,,,,,1.23,1.27,1.28,1.34,4.54,2.6,2.74,,0,1,1,1,1,1,1,,,,,,,,,,1,0,
KEEL_20250730_backfill_67b95f,KEEL,2025-07-30,2025-07-30T00:00:00,backfill,backfill,1.2,,,,,,,,,,,DOWN,0.4488,DOWN,0.1182,-1.36,-13.11,,,,,,,,,,,,,,,,,,,,,,,,1.27,1.27,1.26,1.32,4.3,2.45,3.03,,1,1,1,1,1,1,1,,,,,,,,,,0,0,
KEEL_20250731_backfill_dbbb39,KEEL,2025-07-31,2025-07-31T00:00:00,backfill,backfill,1.26,,,,,,,,,,,DOWN,0.3416,DOWN,0.1181,-3.28,-17.4,,,,,,,,,,,,,,,,,,,,,,,,1.28,1.27,1.23,1.34,4.26,2.34,3.09,,1,1,0,1,1,1,1,,,,,,,,,,0,0,
KEEL_20250801_backfill_a2d825,KEEL,2025-08-01,2025-08-01T00:00:00,backfill,backfill,1.16,,,,,,,,,,,DOWN,0.321,DOWN,0.2306,-1.68,-4.23,,,,,,,,,,,,,,,,,,,,,,,,1.24,1.26,1.27,1.34,4.06,2.26,3.25,,1,1,1,1,1,1,1,,,,,,,,,,0,0,
KEEL_20250804_backfill_36c178,KEEL,2025-08-04,2025-08-04T00:00:00,backfill,backfill,1.2,,,,,,,,,,,DOWN,0.3141,DOWN,0.242,-2.12,-8.58,,,,,,,,,,,,,,,,,,,,,,,,1.23,1.38,1.24,1.29,3.97,2.3,3.53,,1,1,1,1,1,1,1,,,,,,,,,,0,0,
KEEL_20250805_backfill_fd6b47,KEEL,2025-08-05,2025-08-05T00:00:00,backfill,backfill,1.23,,,,,,,,,,,DOWN,0.2319,DOWN,0.2262,-4.16,-9.15,,,,,,,,,,,,,,,,,,,,,,,,1.27,1.28,1.3,1.25,4.11,2.03,4.12,,1,1,1,1,1,1,1,,,,,,,,,,0,0,
KEEL_20250806_backfill_5964d3,KEEL,2025-08-06,2025-08-06T00:00:00,backfill,backfill,1.27,,,,,,,,,,,DOWN,0.2856,DOWN,0.2495,-3.92,-8.87,,,,,,,,,,,,,,,,,,,,,,,,1.27,1.26,1.34,1.29,3.84,1.705,4.01,,0,0,1,1,1,1,1,,,,,,,,,,1,0,
KEEL_20250807_backfill_7248f8,KEEL,2025-08-07,2025-08-07T00:00:00,backfill,backfill,1.28,,,,,,,,,,,DOWN,0.3006,DOWN,0.2474,-3.19,-10.07,,,,,,,,,,,,,,,,,,,,,,,,1.27,1.23,1.32,1.28,4.06,2.14,3.97,,0,0,1,0,1,1,1,,,,,,,,,,1,1,
KEEL_20250808_backfill_82dc7f,KEEL,2025-08-08,2025-08-08T00:00:00,backfill,backfill,1.24,,,,,,,,,,,DOWN,0.3663,DOWN,0.2667,-2.34,-9.29,,,,,,,,,,,,,,,,,,,,,,,,1.26,1.27,1.34,1.59,3.69,2.26,4.3,,1,1,1,1,1,1,1,,,,,,,,,,0,0,
KEEL_20250811_backfill_fa2480,KEEL,2025-08-11,2025-08-11T00:00:00,backfill,backfill,1.23,,,,,,,,,,,DOWN,0.3731,DOWN,0.267,-2.75,-8.2,,,,,,,,,,,,,,,,,,,,,,,,1.38,1.24,1.34,1.75,3.66,2.2,4.07,,1,1,1,1,1,1,1,,,,,,,,,,0,0,
KEEL_20250812_backfill_4034c9,KEEL,2025-08-12,2025-08-12T00:00:00,backfill,backfill,1.27,,,,,,,,,,,DOWN,0.3696,DOWN,0.3879,-2.31,-7.13,,,,,,,,,,,,,,,,,,,,,,,,1.28,1.3,1.29,2.04,3.58,2.17,4.15,,1,1,1,1,1,1,1,,,,,,,,,,0,0,
KEEL_20250813_backfill_0e36b0,KEEL,2025-08-13,2025-08-13T00:00:00,backfill,backfill,1.27,,,,,,,,,,,DOWN,0.3454,DOWN,0.3879,-3.61,-7.4,,,,,,,,,,,,,,,,,,,,,,,,1.26,1.34,1.25,2.23,3.37,2.07,4.61,,0,1,0,1,1,1,1,,,,,,,,,,1,0,
KEEL_20250814_backfill_c57023,KEEL,2025-08-14,2025-08-14T00:00:00,backfill,backfill,1.27,,,,,,,,,,,DOWN,0.3698,DOWN,0.4792,1.24,10.24,,,,,,,,,,,,,,,,,,,,,,,,1.23,1.32,1.29,2.48,3.17,2.14,4.39,,0,1,1,1,1,1,1,,,,,,,,,,1,0,
KEEL_20250815_backfill_4b940e,KEEL,2025-08-15,2025-08-15T00:00:00,backfill,backfill,1.26,,,,,,,,,,,DOWN,0.3958,DOWN,0.4776,2.58,11.49,,,,,,,,,,,,,,,,,,,,,,,,1.27,1.34,1.28,2.89,2.6,2.1,4.18,,1,1,1,1,1,1,1,,,,,,,,,,0,0,
KEEL_20250818_backfill_991919,KEEL,2025-08-18,2025-08-18T00:00:00,backfill,backfill,1.38,,,,,,,,,,,DOWN,0.4792,UP,0.5039,4.02,6.87,,,,,,,,,,,,,,,,,,,,,,,,1.24,1.34,1.59,3.05,2.58,2.06,4.21,,0,0,1,1,1,1,1,,,,,,,,,,1,1,
KEEL_20250819_backfill_3d7f92,KEEL,2025-08-19,2025-08-19T00:00:00,backfill,backfill,1.28,,,,,,,,,,,DOWN,0.4871,UP,0.5826,3.83,20.45,,,,,,,,,,,,,,,,,,,,,,,,1.3,1.29,1.75,3.2,2.67,2.08,4.23,,1,1,1,1,1,1,1,,,,,,,,,,0,1,
KEEL_20250820_backfill_944653,KEEL,2025-08-20,2025-08-20T00:00:00,backfill,backfill,1.26,,,,,,,,,,,DOWN,0.3865,UP,0.5341,3.14,15.13,,,,,,,,,,,,,,,,,,,,,,,,1.34,1.25,2.04,3.12,2.75,2.03,4.64,,1,0,1,1,1,1,1,,,,,,,,,,0,1,
KEEL_20250821_backfill_0b0575,KEEL,2025-08-21,2025-08-21T00:00:00,backfill,backfill,1.23,,,,,,,,,,,DOWN,0.3988,DOWN,0.4772,3.57,8.53,,,,,,,,,,,,,,,,,,,,,,,,1.32,1.29,2.23,3.07,2.6,2.04,4.81,,1,1,1,1,1,1,1,,,,,,,,,,0,0,
KEEL_20250822_backfill_652340,KEEL,2025-08-22,2025-08-22T00:00:00,backfill,backfill,1.27,,,,,,,,,,,DOWN,0.4299,UP,0.5613,3.35,8.13,,,,,,,,,,,,,,,,,,,,,,,,1.34,1.28,2.48,2.59,2.6,2.2,5.13,,1,1,1,1,1,1,1,,,,,,,,,,0,1,
KEEL_20250825_backfill_dba7c9,KEEL,2025-08-25,2025-08-25T00:00:00,backfill,backfill,1.24,,,,,,,,,,,DOWN,0.4405,DOWN,0.4634,4.48,8.75,,,,,,,,,,,,,,,,,,,,,,,,1.34,1.59,2.89,2.775,2.43,2.31,5.505,,1,1,1,1,1,1,1,,,,,,,,,,0,0,
KEEL_20250826_backfill_a05274,KEEL,2025-08-26,2025-08-26T00:00:00,backfill,backfill,1.3,,,,,,,,,,,DOWN,0.4131,UP,0.6109,3.99,8.74,,,,,,,,,,,,,,,,,,,,,,,,1.29,1.75,3.05,2.68,2.79,2.33,5.62,,0,1,1,1,1,1,1,,,,,,,,,,1,1,
KEEL_20250827_backfill_73a93b,KEEL,2025-08-27,2025-08-27T00:00:00,backfill,backfill,1.34,,,,,,,,,,,DOWN,0.3568,UP,0.5882,3.41,9.67,,,,,,,,,,,,,,,,,,,,,,,,1.25,2.04,3.2,2.54,2.77,2.2,5.68,,0,1,1,1,1,1,1,,,,,,,,,,1,1,
KEEL_20250828_backfill_fe189a,KEEL,2025-08-28,2025-08-28T00:00:00,backfill,backfill,1.32,,,,,,,,,,,DOWN,0.3994,UP,0.6009,3.93,13.94,,,,,,,,,,,,,,,,,,,,,,,,1.29,2.23,3.12,2.82,3.1,2.15,6.1,,0,1,1,1,1,1,1,,,,,,,,,,1,1,
KEEL_20250829_backfill_4d3e5c,KEEL,2025-08-29,2025-08-29T00:00:00,backfill,backfill,1.34,,,,,,,,,,,DOWN,0.3347,UP,0.545,3.34,11.08,,,,,,,,,,,,,,,,,,,,,,,,1.28,2.48,3.07,2.82,3.48,1.99,6.14,,0,1,1,1,1,1,1,,,,,,,,,,1,1,
KEEL_20250902_backfill_cee176,KEEL,2025-09-02,2025-09-02T00:00:00,backfill,backfill,1.34,,,,,,,,,,,DOWN,0.3406,UP,0.528,3.66,11.77,,,,,,,,,,,,,,,,,,,,,,,,1.59,2.89,2.59,2.8,3.28,2.24,6.15,,1,1,1,1,1,1,1,,,,,,,,,,0,1,
KEEL_20250903_backfill_f0c42b,KEEL,2025-09-03,2025-09-03T00:00:00,backfill,backfill,1.29,,,,,,,,,,,DOWN,0.347,UP,0.7204,5.11,19.29,,,,,,,,,,,,,,,,,,,,,,,,1.75,3.05,2.775,2.93,3.1,2.22,5.93,,1,1,1,1,1,1,1,,,,,,,,,,0,1,
KEEL_20250904_backfill_b61387,KEEL,2025-09-04,2025-09-04T00:00:00,backfill,backfill,1.25,,,,,,,,,,,DOWN,0.3564,UP,0.7203,3.55,20.13,,,,,,,,,,,,,,,,,,,,,,,,2.04,3.2,2.68,3.01,3.11,2.04,5.13,,1,1,1,1,1,1,1,,,,,,,,,,0,1,
KEEL_20250905_backfill_d09395,KEEL,2025-09-05,2025-09-05T00:00:00,backfill,backfill,1.29,,,,,,,,,,,DOWN,0.3888,UP,0.7979,3.51,22.86,,,,,,,,,,,,,,,,,,,,,,,,2.23,3.12,2.54,3.46,3.1,2.11,5.66,,1,1,1,1,1,1,1,,,,,,,,,,0,1,
KEEL_20250908_backfill_b4dc52,KEEL,2025-09-08,2025-09-08T00:00:00,backfill,backfill,1.28,,,,,,,,,,,DOWN,0.3932,UP,0.781,3.19,21.12,,,,,,,,,,,,,,,,,,,,,,,,2.48,3.07,2.82,3.47,2.92,2.16,5.42,,1,1,1,1,1,1,1,,,,,,,,,,0,1,
KEEL_20250909_backfill_e3e8bb,KEEL,2025-09-09,2025-09-09T00:00:00,backfill,backfill,1.59,,,,,,,,,,,UP,0.5719,UP,0.6859,6.54,17.54,,,,,,,,,,,,,,,,,,,,,,,,2.89,2.59,2.82,4.0,2.91,2.24,5.25,,1,1,1,1,1,1,1,,,,,,,,,,1,1,
KEEL_20250910_backfill_ce3180,KEEL,2025-09-10,2025-09-10T00:00:00,backfill,backfill,1.75,,,,,,,,,,,UP,0.5991,UP,0.5148,12.28,5.79,,,,,,,,,,,,,,,,,,,,,,,,3.05,2.775,2.8,4.17,3.01,2.22,5.52,,1,1,1,1,1,1,1,,,,,,,,,,1,1,
KEEL_20250911_backfill_3644cc,KEEL,2025-09-11,2025-09-11T00:00:00,backfill,backfill,2.04,,,,,,,,,,,UP,0.7333,UP,0.5841,16.9,15.72,,,,,,,,,,,,,,,,,,,,,,,,3.2,2.68,2.93,4.2,2.94,2.24,5.59,,1,1,1,1,1,1,1,,,,,,,,,,1,1,
KEEL_20250912_backfill_b8aed5,KEEL,2025-09-12,2025-09-12T00:00:00,backfill,backfill,2.23,,,,,,,,,,,UP,0.5662,DOWN,0.4515,13.51,-0.07,,,,,,,,,,,,,,,,,,,,,,,,3.12,2.54,3.01,5.39,2.94,2.26,5.66,,1,1,1,1,1,1,1,,,,,,,,,,1,0,
KEEL_20250915_backfill_884e03,KEEL,2025-09-15,2025-09-15T00:00:00,backfill,backfill,2.48,,,,,,,,,,,UP,0.644,DOWN,0.4453,3.93,-2.45,,,,,,,,,,,,,,,,,,,,,,,,3.07,2.82,3.46,5.89,2.74,2.37,5.96,,1,1,1,1,1,0,1,,,,,,,,,,1,0,
KEEL_20250916_backfill_7a48b2,KEEL,2025-09-16,2025-09-16T00:00:00,backfill,backfill,2.89,,,,,,,,,,,UP,0.5876,DOWN,0.4335,9.48,-5.27,,,,,,,,,,,,,,,,,,,,,,,,2.59,2.82,3.47,6.47,2.53,2.32,5.97,,0,0,1,1,0,0,1,,,,,,,,,,0,0,
KEEL_20250917_backfill_81d5a3,KEEL,2025-09-17,2025-09-17T00:00:00,backfill,backfill,3.05,,,,,,,,,,,DOWN,0.3992,DOWN,0.3129,1.68,-5.91,,,,,,,,,,,,,,,,,,,,,,,,2.775,2.8,4.0,5.28,2.43,2.39,6.29,,0,0,1,1,0,0,1,,,,,,,,,,1,0,
KEEL_20250918_backfill_d35b88,KEEL,2025-09-18,2025-09-18T00:00:00,backfill,backfill,3.2,,,,,,,,,,,DOWN,0.3535,DOWN,0.2946,0.99,-10.63,,,,,,,,,,,,,,,,,,,,,,,,2.68,2.93,4.17,5.01,2.32,2.17,6.6,,0,0,1,1,0,0,,,,,,,,,,,1,0,
KEEL_20250919_backfill_119567,KEEL,2025-09-19,2025-09-19T00:00:00,backfill,backfill,3.12,,,,,,,,,,,DOWN,0.3817,DOWN,0.1507,-0.1,-18.77,,,,,,,,,,,,,,,,,,,,,,,,2.54,3.01,4.2,4.98,2.27,2.31,5.87,,0,0,1,1,0,0,,,,,,,,,,,1,0,
KEEL_20250922_backfill_9bdcd7,KEEL,2025-09-22,2025-09-22T00:00:00,backfill,backfill,3.07,,,,,,,,,,,UP,0.5057,DOWN,0.1107,-2.33,-21.3,,,,,,,,,,,,,,,,,,,,,,,,2.82,3.46,5.39,4.49,2.53,2.21,6.03,,0,1,1,1,0,0,,,,,,,,,,,0,0,
KEEL_20250923_backfill_4133b5,KEEL,2025-09-23,2025-09-23T00:00:00,backfill,backfill,2.59,,,,,,,,,,,UP,0.624,DOWN,0.1319,1.52,-13.15,,,,,,,,,,,,,,,,,,,,,,,,2.82,3.47,5.89,3.94,2.69,2.21,5.78,,1,1,1,1,1,0,,,,,,,,,,,1,0,
KEEL_20250924_backfill_3f5127,KEEL,2025-09-24,2025-09-24T00:00:00,backfill,backfill,2.775,,,,,,,,,,,DOWN,0.4359,DOWN,0.054,-0.97,-17.19,,,,,,,,,,,,,,,,,,,,,,,,2.8,4.0,6.47,4.165,2.65,2.05,5.74,,1,1,1,1,0,0,,,,,,,,,,,0,0,
KEEL_20250925_backfill_0e5bd2,KEEL,2025-09-25,2025-09-25T00:00:00,backfill,backfill,2.68,,,,,,,,,,,DOWN,0.4768,DOWN,0.0441,-1.75,-15.29,,,,,,,,,,,,,,,,,,,,,,,,2.93,4.17,5.28,4.61,2.67,1.95,5.38,,1,1,1,1,0,0,,,,,,,,,,,0,0,
KEEL_20250926_backfill_dfcfc9,KEEL,2025-09-26,2025-09-26T00:00:00,backfill,backfill,2.54,,,,,,,,,,,UP,0.6073,DOWN,0.0407,-0.12,-17.4,,,,,,,,,,,,,,,,,,,,,,,,3.01,4.2,5.01,4.54,2.48,1.84,4.59,,1,1,1,1,0,0,,,,,,,,,,,1,0,
KEEL_20250929_backfill_15fd50,KEEL,2025-09-29,2025-09-29T00:00:00,backfill,backfill,2.82,,,,,,,,,,,DOWN,0.3447,DOWN,0.0587,-7.19,-20.62,,,,,,,,,,,,,,,,,,,,,,,,3.46,5.39,4.98,4.3,2.46,1.95,4.59,,1,1,1,1,0,0,,,,,,,,,,,0,0,
KEEL_20250930_backfill_375a10,KEEL,2025-09-30,2025-09-30T00:00:00,backfill,backfill,2.82,,,,,,,,,,,DOWN,0.2883,DOWN,0.0312,-6.48,-20.28,,,,,,,,,,,,,,,,,,,,,,,,3.47,5.89,4.49,4.26,2.38,1.98,,,1,1,1,1,0,0,,,,,,,,,,,0,0,
KEEL_20251001_backfill_79b21f,KEEL,2025-10-01,2025-10-01T00:00:00,backfill,backfill,2.8,,,,,,,,,,,DOWN,0.2803,DOWN,0.0226,-7.23,-20.34,,,,,,,,,,,,,,,,,,,,,,,,4.0,6.47,3.94,4.06,2.35,1.98,,,1,1,1,1,0,0,,,,,,,,,,,0,0,
KEEL_20251002_backfill_e3ff4f,KEEL,2025-10-02,2025-10-02T00:00:00,backfill,backfill,2.93,,,,,,,,,,,DOWN,0.235,DOWN,0.0234,-8.51,-21.19,,,,,,,,,,,,,,,,,,,,,,,,4.17,5.28,4.165,3.97,2.6,2.16,,,1,1,1,1,0,0,,,,,,,,,,,0,0,
KEEL_20251003_backfill_266ca3,KEEL,2025-10-03,2025-10-03T00:00:00,backfill,backfill,3.01,,,,,,,,,,,DOWN,0.2827,DOWN,0.0302,-5.55,-19.21,,,,,,,,,,,,,,,,,,,,,,,,4.2,5.01,4.61,4.11,2.88,2.04,,,1,1,1,1,0,0,,,,,,,,,,,0,0,
KEEL_20251006_backfill_4a40c6,KEEL,2025-10-06,2025-10-06T00:00:00,backfill,backfill,3.46,,,,,,,,,,,DOWN,0.2317,DOWN,0.0577,-8.92,-20.59,,,,,,,,,,,,,,,,,,,,,,,,5.39,4.98,4.54,3.84,2.87,2.11,,,1,1,1,1,0,0,,,,,,,,,,,0,0,
KEEL_20251007_backfill_6f3dcc,KEEL,2025-10-07,2025-10-07T00:00:00,backfill,backfill,3.47,,,,,,,,,,,DOWN,0.2392,DOWN,0.0459,-9.88,-18.1,,,,,,,,,,,,,,,,,,,,,,,,5.89,4.49,4.3,4.06,2.79,2.1,,,1,1,1,1,0,0,,,,,,,,,,,0,0,
KEEL_20251008_backfill_325ef9,KEEL,2025-10-08,2025-10-08T00:00:00,backfill,backfill,4.0,,,,,,,,,,,DOWN,0.2852,DOWN,0.1392,-3.27,-11.03,,,,,,,,,,,,,,,,,,,,,,,,6.47,3.94,4.26,3.69,2.89,2.14,,,1,0,1,0,0,0,,,,,,,,,,,0,1,
KEEL_20251009_backfill_a4b528,KEEL,2025-10-09,2025-10-09T00:00:00,backfill,backfill,4.17,,,,,,,,,,,DOWN,0.2716,DOWN,0.1165,-3.45,-14.99,,,,,,,,,,,,,,,,,,,,,,,,5.28,4.165,4.06,3.66,2.8,2.35,,,1,0,0,0,0,0,,,,,,,,,,,0,1,
KEEL_20251010_backfill_7b5ec4,KEEL,2025-10-10,2025-10-10T00:00:00,backfill,backfill,4.2,,,,,,,,,,,DOWN,0.2755,DOWN,0.1635,-6.16,-16.95,,,,,,,,,,,,,,,,,,,,,,,,5.01,4.61,3.97,3.58,3.03,2.84,,,1,1,0,0,0,0,,,,,,,,,,,0,1,
KEEL_20251013_backfill_91d49e,KEEL,2025-10-13,2025-10-13T00:00:00,backfill,backfill,5.39,,,,,,,,,,,DOWN,0.4736,DOWN,0.271,7.95,-9.83,,,,,,,,,,,,,,,,,,,,,,,,4.98,4.54,4.11,3.37,3.11,2.84,,,0,0,0,0,0,0,,,,,,,,,,,1,1,
KEEL_20251014_backfill_046722,KEEL,2025-10-14,2025-10-14T00:00:00,backfill,backfill,5.89,,,,,,,,,,,UP,0.5023,DOWN,0.2776,6.6,-6.53,,,,,,,,,,,,,,,,,,,,,,,,4.49,4.3,3.84,3.17,2.94,2.74,,,0,0,0,0,0,0,,,,,,,,,,,0,1,
KEEL_20251015_backfill_41e4bf,KEEL,2025-10-15,2025-10-15T00:00:00,backfill,backfill,6.47,,,,,,,,,,,DOWN,0.4195,DOWN,0.2712,8.98,-7.73,,,,,,,,,,,,,,,,,,,,,,,,3.94,4.26,4.06,2.6,2.84,2.88,,,0,0,0,0,0,0,,,,,,,,,,,1,1,
KEEL_20251016_backfill_3e38cd,KEEL,2025-10-16,2025-10-16T00:00:00,backfill,backfill,5.28,,,,,,,,,,,UP,0.6573,DOWN,0.2042,7.37,-13.84,,,,,,,,,,,,,,,,,,,,,,,,4.165,4.06,3.69,2.58,2.95,2.88,,,0,0,0,0,0,0,,,,,,,,,,,0,1,
KEEL_20251017_backfill_f1bf6c,KEEL,2025-10-17,2025-10-17T00:00:00,backfill,backfill,5.01,,,,,,,,,,,UP,0.625,DOWN,0.0741,3.15,-18.28,,,,,,,,,,,,,,,,,,,,,,,,4.61,3.97,3.66,2.67,2.67,2.8,,,0,0,0,0,0,0,,,,,,,,,,,0,1,
KEEL_20251020_backfill_bd1162,KEEL,2025-10-20,2025-10-20T00:00:00,backfill,backfill,4.98,,,,,,,,,,,UP,0.621,DOWN,0.0523,2.81,-17.96,,,,,,,,,,,,,,,,,,,,,,,,4.54,4.11,3.58,2.75,2.69,3.04,,,0,0,0,0,0,0,,,,,,,,,,,0,1,
KEEL_20251021_backfill_d68b57,KEEL,2025-10-21,2025-10-21T00:00:00,backfill,backfill,4.49,,,,,,,,,,,UP,0.5785,DOWN,0.0809,1.16,-17.85,,,,,,,,,,,,,,,,,,,,,,,,4.3,3.84,3.37,2.6,2.66,3.24,,,0,0,0,0,0,0,,,,,,,,,,,0,1,
KEEL_20251022_backfill_d42030,KEEL,2025-10-22,2025-10-22T00:00:00,backfill,backfill,3.94,,,,,,,,,,,UP,0.5935,DOWN,0.1149,0.69,-15.72,,,,,,,,,,,,,,,,,,,,,,,,4.26,4.06,3.17,2.6,2.74,3.29,,,1,1,0,0,0,0,,,,,,,,,,,1,1,
KEEL_20251023_backfill_c910a2,KEEL,2025-10-23,2025-10-23T00:00:00,backfill,backfill,4.165,,,,,,,,,,,DOWN,0.3197,DOWN,0.0782,-3.82,-18.31,,,,,,,,,,,,,,,,,,,,,,,,4.06,3.69,2.6,2.43,2.59,3.14,,,0,0,0,0,0,0,,,,,,,,,,,1,1,
KEEL_20251024_backfill_9de289,KEEL,2025-10-24,2025-10-24T00:00:00,backfill,backfill,4.61,,,,,,,,,,,DOWN,0.2533,DOWN,0.0502,-6.17,-24.53,,,,,,,,,,,,,,,,,,,,,,,,3.97,3.66,2.58,2.79,2.6,2.89,,,0,0,0,0,0,0,,,,,,,,,,,1,1,
KEEL_20251027_backfill_8c6a30,KEEL,2025-10-27,2025-10-27T00:00:00,backfill,backfill,4.54,,,,,,,,,,,DOWN,0.2936,DOWN,0.043,-5.76,-24.16,,,,,,,,,,,,,,,,,,,,,,,,4.11,3.58,2.67,2.77,2.6,2.74,,,0,0,0,0,0,0,,,,,,,,,,,1,1,
KEEL_20251028_backfill_a6a904,KEEL,2025-10-28,2025-10-28T00:00:00,backfill,backfill,4.3,,,,,,,,,,,DOWN,0.3631,DOWN,0.0656,-4.28,-18.56,,,,,,,,,,,,,,,,,,,,,,,,3.84,3.37,2.75,3.1,2.45,3.03,,,0,0,0,0,0,0,,,,,,,,,,,1,1,
KEEL_20251029_backfill_24b56e,KEEL,2025-10-29,2025-10-29T00:00:00,backfill,backfill,4.26,,,,,,,,,,,DOWN,0.3746,DOWN,0.0766,-4.76,-18.94,,,,,,,,,,,,,,,,,,,,,,,,4.06,3.17,2.6,3.48,2.34,3.09,,,0,0,0,0,0,0,,,,,,,,,,,1,1,
KEEL_20251030_backfill_1d15bf,KEEL,2025-10-30,2025-10-30T00:00:00,backfill,backfill,4.06,,,,,,,,,,,DOWN,0.369,DOWN,0.1016,-2.74,-16.71,,,,,,,,,,,,,,,,,,,,,,,,3.69,2.6,2.6,3.28,2.26,3.25,,,0,0,0,0,0,0,,,,,,,,,,,1,1,
KEEL_20251031_backfill_573aa5,KEEL,2025-10-31,2025-10-31T00:00:00,backfill,backfill,3.97,,,,,,,,,,,UP,0.5524,DOWN,0.1198,1.25,-11.62,,,,,,,,,,,,,,,,,,,,,,,,3.66,2.58,2.43,3.1,2.3,3.53,,,0,0,0,0,0,0,,,,,,,,,,,0,1,
KEEL_20251103_backfill_c9c4d8,KEEL,2025-11-03,2025-11-03T00:00:00,backfill,backfill,4.11,,,,,,,,,,,UP,0.5372,DOWN,0.1111,-0.61,-13.19,,,,,,,,,,,,,,,,,,,,,,,,3.58,2.67,2.79,3.11,2.03,4.12,,,0,0,0,0,0,1,,,,,,,,,,,0,1,
KEEL_20251104_backfill_2aa7d9,KEEL,2025-11-04,2025-11-04T00:00:00,backfill,backfill,3.84,,,,,,,,,,,DOWN,0.38,DOWN,0.175,0.61,-8.15,,,,,,,,,,,,,,,,,,,,,,,,3.37,2.75,2.77,3.1,1.705,4.01,,,0,0,0,0,0,1,,,,,,,,,,,1,1,
KEEL_20251105_backfill_bf64c9,KEEL,2025-11-05,2025-11-05T00:00:00,backfill,backfill,4.06,,,,,,,,,,,DOWN,0.3272,DOWN,0.1047,-2.59,-13.08,,,,,,,,,,,,,,,,,,,,,,,,3.17,2.6,3.1,2.92,2.14,3.97,,,0,0,0,0,0,0,,,,,,,,,,,1,1,
KEEL_20251106_backfill_173548,KEEL,2025-11-06,2025-11-06T00:00:00,backfill,backfill,3.69,,,,,,,,,,,DOWN,0.2406,DOWN,0.1761,-5.22,-8.33,,,,,,,,,,,,,,,,,,,,,,,,2.6,2.6,3.48,2.91,2.26,4.3,,,0,0,0,0,0,1,,,,,,,,,,,1,1,
KEEL_20251107_backfill_3044f2,KEEL,2025-11-07,2025-11-07T00:00:00,backfill,backfill,3.66,,,,,,,,,,,DOWN,0.2611,DOWN,0.1727,-6.27,-6.05,,,,,,,,,,,,,,,,,,,,,,,,2.58,2.43,3.28,3.01,2.2,4.07,,,0,0,0,0,0,1,,,,,,,,,,,1,1,
KEEL_20251110_backfill_7740b8,KEEL,2025-11-10,2025-11-10T00:00:00,backfill,backfill,3.58,,,,,,,,,,,DOWN,0.3153,DOWN,0.218,-4.22,-3.29,,,,,,,,,,,,,,,,,,,,,,,,2.67,2.79,3.1,2.94,2.17,4.15,,,0,0,0,0,0,1,,,,,,,,,,,1,1,
KEEL_20251111_backfill_16d3d6,KEEL,2025-11-11,2025-11-11T00:00:00,backfill,backfill,3.37,,,,,,,,,,,DOWN,0.4461,DOWN,0.3673,-1.37,7.13,,,,,,,,,,,,,,,,,,,,,,,,2.75,2.77,3.11,2.94,2.07,4.61,,,0,0,0,0,0,1,,,,,,,,,,,1,1,
KEEL_20251112_backfill_fcd3b1,KEEL,2025-11-12,2025-11-12T00:00:00,backfill,backfill,3.17,,,,,,,,,,,UP,0.6599,DOWN,0.477,3.11,11.64,,,,,,,,,,,,,,,,,,,,,,,,2.6,3.1,3.1,2.74,2.14,4.39,,,0,0,0,0,0,1,,,,,,,,,,,0,1,
KEEL_20251113_backfill_301355,KEEL,2025-11-13,2025-11-13T00:00:00,backfill,backfill,2.6,,,,,,,,,,,DOWN,0.4996,DOWN,0.3688,3.46,20.5,,,,,,,,,,,,,,,,,,,,,,,,2.6,3.48,2.92,2.53,2.1,4.18,,,0,1,1,0,0,1,,,,,,,,,,,1,1,
KEEL_20251114_backfill_c36afb,KEEL,2025-11-14,2025-11-14T00:00:00,backfill,backfill,2.58,,,,,,,,,,,DOWN,0.4368,DOWN,0.3726,5.67,15.38,,,,,,,,,,,,,,,,,,,,,,,,2.43,3.28,2.91,2.43,2.06,4.21,,,0,1,1,0,0,1,,,,,,,,,,,1,1,
KEEL_20251117_backfill_362432,KEEL,2025-11-17,2025-11-17T00:00:00,backfill,backfill,2.67,,,,,,,,,,,DOWN,0.4171,DOWN,0.3389,4.69,13.84,,,,,,,,,,,,,,,,,,,,,,,,2.79,3.1,3.01,2.32,2.08,4.23,,,1,1,1,0,0,1,,,,,,,,,,,0,1,
KEEL_20251118_backfill_5bc397,KEEL,2025-11-18,2025-11-18T00:00:00,backfill,backfill,2.75,,,,,,,,,,,UP,0.6213,DOWN,0.3312,4.76,13.3,,,,,,,,,,,,,,,,,,,,,,,,2.77,3.11,2.94,2.27,2.03,4.64,,,1,1,1,0,0,1,,,,,,,,,,,1,1,
KEEL_20251119_backfill_d2cc09,KEEL,2025-11-19,2025-11-19T00:00:00,backfill,backfill,2.6,,,,,,,,,,,UP,0.6121,DOWN,0.379,6.58,11.25,,,,,,,,,,,,,,,,,,,,,,,,3.1,3.1,2.94,2.53,2.04,4.81,,,1,1,1,0,0,1,,,,,,,,,,,1,1,
KEEL_20251120_backfill_a553e7,KEEL,2025-11-20,2025-11-20T00:00:00,backfill,backfill,2.6,,,,,,,,,,,UP,0.7158,DOWN,0.4395,8.79,11.99,,,,,,,,,,,,,,,,,,,,,,,,3.48,2.92,2.74,2.69,2.2,5.13,,,1,1,1,1,0,1,,,,,,,,,,,1,0,
KEEL_20251121_backfill_64f6de,KEEL,2025-11-21,2025-11-21T00:00:00,backfill,backfill,2.43,,,,,,,,,,,UP,0.7133,DOWN,0.3237,8.57,5.48,,,,,,,,,,,,,,,,,,,,,,,,3.28,2.91,2.53,2.65,2.31,5.505,,,1,1,1,1,0,1,,,,,,,,,,,1,0,
KEEL_20251124_backfill_0f2859,KEEL,2025-11-24,2025-11-24T00:00:00,backfill,backfill,2.79,,,,,,,,,,,UP,0.5524,DOWN,0.3806,2.66,-3.59,,,,,,,,,,,,,,,,,,,,,,,,3.1,3.01,2.43,2.67,2.33,5.62,,,1,1,0,0,0,1,,,,,,,,,,,1,1,
KEEL_20251125_backfill_1ba51b,KEEL,2025-11-25,2025-11-25T00:00:00,backfill,backfill,2.77,,,,,,,,,,,DOWN,0.4902,DOWN,0.2661,0.86,-3.63,,,,,,,,,,,,,,,,,,,,,,,,3.11,2.94,2.32,2.48,2.2,5.68,,,1,1,0,0,0,1,,,,,,,,,,,0,1,
KEEL_20251126_backfill_0fc99e,KEEL,2025-11-26,2025-11-26T00:00:00,backfill,backfill,3.1,,,,,,,,,,,DOWN,0.4465,DOWN,0.3908,-0.32,-1.78,,,,,,,,,,,,,,,,,,,,,,,,3.1,2.94,2.27,2.46,2.15,6.1,,,0,0,0,0,0,1,,,,,,,,,,,1,1,
KEEL_20251128_backfill_d400e0,KEEL,2025-11-28,2025-11-28T00:00:00,backfill,backfill,3.48,,,,,,,,,,,DOWN,0.4242,UP,0.5043,9.22,1.33,,,,,,,,,,,,,,,,,,,,,,,,2.92,2.74,2.53,2.38,1.99,6.14,,,0,0,0,0,0,1,,,,,,,,,,,1,0,
KEEL_20251201_backfill_174056,KEEL,2025-12-01,2025-12-01T00:00:00,backfill,backfill,3.28,,,,,,,,,,,DOWN,0.4651,DOWN,0.4974,4.58,4.7,,,,,,,,,,,,,,,,,,,,,,,,2.91,2.53,2.69,2.35,2.24,6.15,,,0,0,0,0,0,1,,,,,,,,,,,1,1,
KEEL_20251202_backfill_4de968,KEEL,2025-12-02,2025-12-02T00:00:00,backfill,backfill,3.1,,,,,,,,,,,UP,0.5076,UP,0.5055,2.88,3.18,,,,,,,,,,,,,,,,,,,,,,,,3.01,2.43,2.65,2.6,2.22,5.93,,,0,0,0,0,0,1,,,,,,,,,,,0,0,
KEEL_20251203_backfill_42d658,KEEL,2025-12-03,2025-12-03T00:00:00,backfill,backfill,3.11,,,,,,,,,,,UP,0.5142,UP,0.5895,2.92,9.57,,,,,,,,,,,,,,,,,,,,,,,,2.94,2.32,2.67,2.88,2.04,5.13,,,0,0,0,0,0,1,,,,,,,,,,,0,0,
KEEL_20251204_backfill_b82a91,KEEL,2025-12-04,2025-12-04T00:00:00,backfill,backfill,3.1,,,,,,,,,,,DOWN,0.3852,UP,0.6371,3.41,9.82,,,,,,,,,,,,,,,,,,,,,,,,2.94,2.27,2.48,2.87,2.11,5.66,,,0,0,0,0,0,1,,,,,,,,,,,1,0,
KEEL_20251205_backfill_7fbf0f,KEEL,2025-12-05,2025-12-05T00:00:00,backfill,backfill,2.92,,,,,,,,,,,DOWN,0.4091,UP,0.623,5.14,11.2,,,,,,,,,,,,,,,,,,,,,,,,2.74,2.53,2.46,2.79,2.16,5.42,,,0,0,0,0,0,1,,,,,,,,,,,1,0,
KEEL_20251208_backfill_6ac05d,KEEL,2025-12-08,2025-12-08T00:00:00,backfill,backfill,2.91,,,,,,,,,,,DOWN,0.4835,UP,0.6689,6.49,12.49,,,,,,,,,,,,,,,,,,,,,,,,2.53,2.69,2.38,2.89,2.24,5.25,,,0,0,0,0,0,1,,,,,,,,,,,1,0,
KEEL_20251209_backfill_643fab,KEEL,2025-12-09,2025-12-09T00:00:00,backfill,backfill,3.01,,,,,,,,,,,DOWN,0.4057,UP,0.6456,3.67,10.88,,,,,,,,,,,,,,,,,,,,,,,,2.43,2.65,2.35,2.8,2.22,5.52,,,0,0,0,0,0,1,,,,,,,,,,,1,0,
KEEL_20251210_backfill_bf264e,KEEL,2025-12-10,2025-12-10T00:00:00,backfill,backfill,2.94,,,,,,,,,,,DOWN,0.3932,UP,0.653,1.93,10.66,,,,,,,,,,,,,,,,,,,,,,,,2.32,2.67,2.6,3.03,2.24,5.59,,,0,0,0,1,0,1,,,,,,,,,,,1,1,
KEEL_20251211_backfill_be369b,KEEL,2025-12-11,2025-12-11T00:00:00,backfill,backfill,2.94,,,,,,,,,,,UP,0.5049,UP,0.6874,2.89,10.58,,,,,,,,,,,,,,,,,,,,,,,,2.27,2.48,2.88,3.11,2.26,5.66,,,0,0,0,1,0,1,,,,,,,,,,,0,1,
KEEL_20251212_backfill_6cb0b7,KEEL,2025-12-12,2025-12-12T00:00:00,backfill,backfill,2.74,,,,,,,,,,,DOWN,0.4273,UP,0.5903,2.75,4.75,,,,,,,,,,,,,,,,,,,,,,,,2.53,2.46,2.87,2.94,2.37,5.96,,,0,0,1,1,0,1,,,,,,,,,,,1,1,
KEEL_20251215_backfill_90d79f,KEEL,2025-12-15,2025-12-15T00:00:00,backfill,backfill,2.53,,,,,,,,,,,DOWN,0.4852,UP,0.6091,6.0,6.6,,,,,,,,,,,,,,,,,,,,,,,,2.69,2.38,2.79,2.84,2.32,5.97,,,1,0,1,1,0,1,,,,,,,,,,,0,1,
KEEL_20251216_backfill_9b2f06,KEEL,2025-12-16,2025-12-16T00:00:00,backfill,backfill,2.43,,,,,,,,,,,UP,0.5366,UP,0.5588,6.85,7.05,,,,,,,,,,,,,,,,,,,,,,,,2.65,2.35,2.89,2.95,2.39,6.29,,,1,0,1,1,0,1,,,,,,,,,,,1,1,
KEEL_20251217_backfill_5ce7fd,KEEL,2025-12-17,2025-12-17T00:00:00,backfill,backfill,2.32,,,,,,,,,,,UP,0.6245,DOWN,0.4459,7.39,2.41,,,,,,,,,,,,,,,,,,,,,,,,2.67,2.6,2.8,2.67,2.17,6.29,,,1,1,1,1,0,,,,,,,,,,,,1,0,
KEEL_20251218_backfill_32f08e,KEEL,2025-12-18,2025-12-18T00:00:00,backfill,backfill,2.27,,,,,,,,,,,UP,0.6593,DOWN,0.445,7.58,1.21,,,,,,,,,,,,,,,,,,,,,,,,2.48,2.88,3.03,2.69,2.31,6.66,,,1,1,1,1,1,,,,,,,,,,,,1,0,
KEEL_20251219_backfill_e5012c,KEEL,2025-12-19,2025-12-19T00:00:00,backfill,backfill,2.53,,,,,,,,,,,DOWN,0.449,UP,0.5852,1.74,2.27,,,,,,,,,,,,,,,,,,,,,,,,2.46,2.87,3.11,2.66,2.21,6.6,,,0,1,1,1,0,,,,,,,,,,,,1,1,
KEEL_20251222_backfill_9f6bd9,KEEL,2025-12-22,2025-12-22T00:00:00,backfill,backfill,2.69,,,,,,,,,,,DOWN,0.4306,UP,0.5174,2.44,3.57,,,,,,,,,,,,,,,,,,,,,,,,2.38,2.79,2.94,2.74,2.21,6.03,,,0,1,1,1,0,,,,,,,,,,,,1,1,
KEEL_20251223_backfill_56ab8b,KEEL,2025-12-23,2025-12-23T00:00:00,backfill,backfill,2.65,,,,,,,,,,,DOWN,0.4935,UP,0.5991,1.31,2.96,,,,,,,,,,,,,,,,,,,,,,,,2.35,2.89,2.84,2.59,2.05,6.03,,,0,1,1,0,0,,,,,,,,,,,,1,0,
KEEL_20251224_backfill_833dfb,KEEL,2025-12-24,2025-12-24T00:00:00,backfill,backfill,2.67,,,,,,,,,,,DOWN,0.4738,UP,0.6284,3.76,5.56,,,,,,,,,,,,,,,,,,,,,,,,2.6,2.8,2.95,2.6,1.95,6.03,,,0,1,1,0,0,,,,,,,,,,,,1,0,
KEEL_20251226_backfill_7465dd,KEEL,2025-12-26,2025-12-26T00:00:00,backfill,backfill,2.48,,,,,,,,,,,UP,0.5125,UP,0.5293,1.69,2.01,,,,,,,,,,,,,,,,,,,,,,,,2.88,3.03,2.67,2.6,1.84,5.74,,,1,1,1,1,0,,,,,,,,,,,,1,1,
KEEL_20251229_backfill_02c10a,KEEL,2025-12-29,2025-12-29T00:00:00,backfill,backfill,2.46,,,,,,,,,,,UP,0.5309,UP,0.5114,2.38,2.96,,,,,,,,,,,,,,,,,,,,,,,,2.87,3.11,2.69,2.45,1.95,4.59,,,1,1,1,0,0,,,,,,,,,,,,1,0,
KEEL_20251230_backfill_85f7ee,KEEL,2025-12-30,2025-12-30T00:00:00,backfill,backfill,2.38,,,,,,,,,,,DOWN,0.4763,UP,0.5078,2.75,7.52,,,,,,,,,,,,,,,,,,,,,,,,2.79,2.94,2.66,2.34,1.98,4.59,,,1,1,1,0,0,,,,,,,,,,,,0,0,
KEEL_20251231_backfill_10f4dc,KEEL,2025-12-31,2025-12-31T00:00:00,backfill,backfill,2.35,,,,,,,,,,,UP,0.514,DOWN,0.4848,2.12,4.66,,,,,,,,,,,,,,,,,,,,,,,,2.89,2.84,2.74,2.26,1.98,4.59,,,1,1,1,0,0,,,,,,,,,,,,1,1,
KEEL_20260102_backfill_8a7bae,KEEL,2026-01-02,2026-01-02T00:00:00,backfill,backfill,2.6,,,,,,,,,,,DOWN,0.3732,UP,0.5911,-0.64,6.75,,,,,,,,,,,,,,,,,,,,,,,,2.8,2.95,2.59,2.3,2.16,,,,1,1,0,0,0,,,,,,,,,,,,0,0,
KEEL_20260105_backfill_2cc25d,KEEL,2026-01-05,2026-01-05T00:00:00,backfill,backfill,2.88,,,,,,,,,,,DOWN,0.3712,UP,0.7224,1.58,6.76,,,,,,,,,,,,,,,,,,,,,,,,3.03,2.67,2.6,2.03,2.04,,,,1,0,0,0,0,,,,,,,,,,,,0,0,
KEEL_20260106_backfill_c9fa3e,KEEL,2026-01-06,2026-01-06T00:00:00,backfill,backfill,2.87,,,,,,,,,,,DOWN,0.4222,UP,0.6664,1.77,9.07,,,,,,,,,,,,,,,,,,,,,,,,3.11,2.69,2.6,1.705,2.11,,,,1,0,0,0,0,,,,,,,,,,,,0,0,
KEEL_20260107_backfill_c09130,KEEL,2026-01-07,2026-01-07T00:00:00,backfill,backfill,2.79,,,,,,,,,,,DOWN,0.4779,UP,0.6677,2.18,10.71,,,,,,,,,,,,,,,,,,,,,,,,2.94,2.66,2.45,2.14,2.1,,,,1,0,0,0,0,,,,,,,,,,,,0,0,
KEEL_20260108_backfill_5dec4e,KEEL,2026-01-08,2026-01-08T00:00:00,backfill,backfill,2.89,,,,,,,,,,,UP,0.5928,UP,0.7843,5.06,12.33,,,,,,,,,,,,,,,,,,,,,,,,2.84,2.74,2.34,2.26,2.14,,,,0,0,0,0,0,,,,,,,,,,,,0,0,
KEEL_20260109_backfill_56a2ce,KEEL,2026-01-09,2026-01-09T00:00:00,backfill,backfill,2.8,,,,,,,,,,,UP,0.6424,UP,0.8057,5.59,15.73,,,,,,,,,,,,,,,,,,,,,,,,2.95,2.59,2.26,2.2,2.35,,,,1,0,0,0,0,,,,,,,,,,,,1,0,
KEEL_20260112_backfill_544e1c,KEEL,2026-01-12,2026-01-12T00:00:00,backfill,backfill,3.03,,,,,,,,,,,UP,0.6571,UP,0.8121,4.48,14.62,,,,,,,,,,,,,,,,,,,,,,,,2.67,2.6,2.3,2.17,2.84,,,,0,0,0,0,0,,,,,,,,,,,,0,0,
KEEL_20260113_backfill_5931c0,KEEL,2026-01-13,2026-01-13T00:00:00,backfill,backfill,3.11,,,,,,,,,,,UP,0.5934,UP,0.8315,4.77,25.5,,,,,,,,,,,,,,,,,,,,,,,,2.69,2.6,2.03,2.07,2.84,,,,0,0,0,0,0,,,,,,,,,,,,0,0,
KEEL_20260114_backfill_23325c,KEEL,2026-01-14,2026-01-14T00:00:00,backfill,backfill,2.94,,,,,,,,,,,UP,0.6111,UP,0.819,6.75,26.75,,,,,,,,,,,,,,,,,,,,,,,,2.66,2.45,1.705,2.14,2.74,,,,0,0,0,0,0,,,,,,,,,,,,0,0,
KEEL_20260115_backfill_4907cb,KEEL,2026-01-15,2026-01-15T00:00:00,backfill,backfill,2.84,,,,,,,,,,,UP,0.71,UP,0.8293,7.4,29.65,,,,,,,,,,,,,,,,,,,,,,,,2.74,2.34,2.14,2.1,2.88,,,,0,0,0,0,1,,,,,,,,,,,,0,0,
KEEL_20260116_backfill_2869e2,KEEL,2026-01-16,2026-01-16T00:00:00,backfill,backfill,2.95,,,,,,,,,,,UP,0.679,UP,0.8309,4.37,27.73,,,,,,,,,,,,,,,,,,,,,,,,2.59,2.26,2.26,2.06,2.88,,,,0,0,0,0,0,,,,,,,,,,,,0,0,
KEEL_20260120_backfill_93865a,KEEL,2026-01-20,2026-01-20T00:00:00,backfill,backfill,2.67,,,,,,,,,,,UP,0.67,UP,0.7857,5.02,20.12,,,,,,,,,,,,,,,,,,,,,,,,2.6,2.3,2.2,2.08,2.8,,,,0,0,0,0,1,,,,,,,,,,,,0,0,
KEEL_20260121_backfill_413073,KEEL,2026-01-21,2026-01-21T00:00:00,backfill,backfill,2.69,,,,,,,,,,,UP,0.6199,UP,0.7853,4.82,15.66,,,,,,,,,,,,,,,,,,,,,,,,2.6,2.03,2.17,2.03,3.04,,,,0,0,0,0,1,,,,,,,,,,,,0,0,
KEEL_20260122_backfill_4bfa2d,KEEL,2026-01-22,2026-01-22T00:00:00,backfill,backfill,2.66,,,,,,,,,,,UP,0.5321,UP,0.7675,3.15,12.83,,,,,,,,,,,,,,,,,,,,,,,,2.45,1.705,2.07,2.04,3.24,,,,0,0,0,0,1,,,,,,,,,,,,0,0,
KEEL_20260123_backfill_15433e,KEEL,2026-01-23,2026-01-23T00:00:00,backfill,backfill,2.74,,,,,,,,,,,DOWN,0.4685,UP,0.7905,2.61,17.38,,,,,,,,,,,,,,,,,,,,,,,,2.34,2.14,2.14,2.2,3.29,,,,0,0,0,0,1,,,,,,,,,,,,1,0,
KEEL_20260126_backfill_651b3e,KEEL,2026-01-26,2026-01-26T00:00:00,backfill,backfill,2.59,,,,,,,,,,,UP,0.5307,UP,0.7481,3.21,12.3,,,,,,,,,,,,,,,,,,,,,,,,2.26,2.26,2.1,2.31,3.14,,,,0,0,0,0,1,,,,,,,,,,,,0,0,
KEEL_20260127_backfill_af510c,KEEL,2026-01-27,2026-01-27T00:00:00,backfill,backfill,2.6,,,,,,,,,,,UP,0.5415,UP,0.7527,2.79,11.73,,,,,,,,,,,,,,,,,,,,,,,,2.3,2.2,2.06,2.33,2.89,,,,0,0,0,0,1,,,,,,,,,,,,0,0,
KEEL_20260128_backfill_a1c6ba,KEEL,2026-01-28,2026-01-28T00:00:00,backfill,backfill,2.6,,,,,,,,,,,UP,0.5049,UP,0.7424,2.39,20.81,,,,,,,,,,,,,,,,,,,,,,,,2.03,2.17,2.08,2.2,2.74,,,,0,0,0,0,1,,,,,,,,,,,,0,0,
KEEL_20260129_backfill_6e9958,KEEL,2026-01-29,2026-01-29T00:00:00,backfill,backfill,2.45,,,,,,,,,,,UP,0.5614,UP,0.6853,3.14,13.86,,,,,,,,,,,,,,,,,,,,,,,,1.705,2.07,2.03,2.15,3.03,,,,0,0,0,0,1,,,,,,,,,,,,0,0,
KEEL_20260130_backfill_b1df36,KEEL,2026-01-30,2026-01-30T00:00:00,backfill,backfill,2.34,,,,,,,,,,,UP,0.5869,UP,0.694,3.4,13.91,,,,,,,,,,,,,,,,,,,,,,,,2.14,2.14,2.04,1.99,3.09,,,,0,0,0,0,1,,,,,,,,,,,,0,0,
KEEL_20260202_backfill_45a972,KEEL,2026-02-02,2026-02-02T00:00:00,backfill,backfill,2.26,,,,,,,,,,,UP,0.6228,UP,0.684,4.0,11.45,,,,,,,,,,,,,,,,,,,,,,,,2.26,2.1,2.2,2.24,3.25,,,,0,0,0,0,1,,,,,,,,,,,,0,0,
KEEL_20260203_backfill_06b174,KEEL,2026-02-03,2026-02-03T00:00:00,backfill,backfill,2.3,,,,,,,,,,,UP,0.6093,UP,0.6611,3.45,13.1,,,,,,,,,,,,,,,,,,,,,,,,2.2,2.06,2.31,2.22,3.53,,,,0,0,1,0,1,,,,,,,,,,,,0,0,
KEEL_20260204_backfill_90e645,KEEL,2026-02-04,2026-02-04T00:00:00,backfill,backfill,2.03,,,,,,,,,,,UP,0.7881,UP,0.6108,9.73,19.83,,,,,,,,,,,,,,,,,,,,,,,,2.17,2.08,2.33,2.04,4.12,,,,1,1,1,1,1,,,,,,,,,,,,1,1,
KEEL_20260205_backfill_46b230,KEEL,2026-02-05,2026-02-05T00:00:00,backfill,backfill,1.705,,,,,,,,,,,UP,0.568,UP,0.5616,6.15,9.97,,,,,,,,,,,,,,,,,,,,,,,,2.07,2.03,2.2,2.11,4.01,,,,1,1,1,1,1,,,,,,,,,,,,1,1,
KEEL_20260206_backfill_498ed1,KEEL,2026-02-06,2026-02-06T00:00:00,backfill,backfill,2.14,,,,,,,,,,,DOWN,0.4321,UP,0.5745,2.37,9.2,,,,,,,,,,,,,,,,,,,,,,,,2.14,2.04,2.15,2.16,3.97,,,,0,0,1,1,1,,,,,,,,,,,,1,1,
KEEL_20260209_backfill_574002,KEEL,2026-02-09,2026-02-09T00:00:00,backfill,backfill,2.26,,,,,,,,,,,UP,0.5376,DOWN,0.4419,4.08,9.27,,,,,,,,,,,,,,,,,,,,,,,,2.1,2.2,1.99,2.24,4.3,,,,0,0,0,0,1,,,,,,,,,,,,0,1,
KEEL_20260210_backfill_2e8504,KEEL,2026-02-10,2026-02-10T00:00:00,backfill,backfill,2.2,,,,,,,,,,,UP,0.5454,DOWN,0.4526,7.42,10.97,,,,,,,,,,,,,,,,,,,,,,,,2.06,2.31,2.24,2.22,4.07,,,,0,1,1,1,1,,,,,,,,,,,,0,0,
KEEL_20260211_backfill_a5bc2b,KEEL,2026-02-11,2026-02-11T00:00:00,backfill,backfill,2.17,,,,,,,,,,,UP,0.5327,DOWN,0.4591,3.78,9.98,,,,,,,,,,,,,,,,,,,,,,,,2.08,2.33,2.22,2.24,4.15,,,,0,1,1,1,1,,,,,,,,,,,,0,0,
KEEL_20260212_backfill_00fe9a,KEEL,2026-02-12,2026-02-12T00:00:00,backfill,backfill,2.07,,,,,,,,,,,UP,0.6123,DOWN,0.4248,1.53,12.52,,,,,,,,,,,,,,,,,,,,,,,,2.03,2.2,2.04,2.26,4.61,,,,0,1,0,1,1,,,,,,,,,,,,0,0,
KEEL_20260213_backfill_25cf45,KEEL,2026-02-13,2026-02-13T00:00:00,backfill,backfill,2.14,,,,,,,,,,,UP,0.5251,DOWN,0.4182,1.13,6.35,,,,,,,,,,,,,,,,,,,,,,,,2.04,2.15,2.11,2.37,4.39,,,,0,1,0,1,1,,,,,,,,,,,,0,0,
KEEL_20260217_backfill_b61f40,KEEL,2026-02-17,2026-02-17T00:00:00,backfill,backfill,2.1,,,,,,,,,,,UP,0.5319,DOWN,0.4734,3.17,6.54,,,,,,,,,,,,,,,,,,,,,,,,2.2,1.99,2.16,2.32,4.18,,,,1,0,1,1,1,,,,,,,,,,,,1,0,
KEEL_20260218_backfill_f5803a,KEEL,2026-02-18,2026-02-18T00:00:00,backfill,backfill,2.06,,,,,,,,,,,UP,0.5121,DOWN,0.4785,3.02,6.62,,,,,,,,,,,,,,,,,,,,,,,,2.31,2.24,2.24,2.39,4.21,,,,1,1,1,1,1,,,,,,,,,,,,1,0,
KEEL_20260219_backfill_51b897,KEEL,2026-02-19,2026-02-19T00:00:00,backfill,backfill,2.08,,,,,,,,,,,DOWN,0.4131,DOWN,0.4229,0.4,6.59,,,,,,,,,,,,,,,,,,,,,,,,2.33,2.22,2.22,2.17,4.23,,,,1,1,1,1,1,,,,,,,,,,,,0,0,
KEEL_20260220_backfill_35f3bb,KEEL,2026-02-20,2026-02-20T00:00:00,backfill,backfill,2.03,,,,,,,,,,,DOWN,0.4961,DOWN,0.4272,1.7,6.16,,,,,,,,,,,,,,,,,,,,,,,,2.2,2.04,2.24,2.31,4.64,,,,1,1,1,1,1,,,,,,,,,,,,0,0,
KEEL_20260223_backfill_3906df,KEEL,2026-02-23,2026-02-23T00:00:00,backfill,backfill,2.04,,,,,,,,,,,DOWN,0.4094,DOWN,0.4678,-0.25,6.6,,,,,,,,,,,,,,,,,,,,,,,,2.15,2.11,2.26,2.21,4.81,,,,1,1,1,1,1,,,,,,,,,,,,0,0,
KEEL_20260224_backfill_e6069d,KEEL,2026-02-24,2026-02-24T00:00:00,backfill,backfill,2.2,,,,,,,,,,,DOWN,0.381,UP,0.5402,-2.62,10.72,,,,,,,,,,,,,,,,,,,,,,,,1.99,2.16,2.37,2.21,5.13,,,,0,0,1,1,1,,,,,,,,,,,,1,1,
KEEL_20260225_backfill_0bbf5f,KEEL,2026-02-25,2026-02-25T00:00:00,backfill,backfill,2.31,,,,,,,,,,,DOWN,0.3336,UP,0.6556,-2.58,13.64,,,,,,,,,,,,,,,,,,,,,,,,2.24,2.24,2.32,2.05,5.505,,,,0,0,1,0,1,,,,,,,,,,,,1,0,
KEEL_20260226_backfill_227103,KEEL,2026-02-26,2026-02-26T00:00:00,backfill,backfill,2.33,,,,,,,,,,,DOWN,0.3048,UP,0.6612,-1.61,13.57,,,,,,,,,,,,,,,,,,,,,,,,2.22,2.22,2.39,1.95,5.62,,,,0,0,1,0,1,,,,,,,,,,,,1,0,
KEEL_20260227_backfill_ce2c93,KEEL,2026-02-27,2026-02-27T00:00:00,backfill,backfill,2.2,,,,,,,,,,,DOWN,0.3839,UP,0.6558,-1.32,17.59,,,,,,,,,,,,,,,,,,,,,,,,2.04,2.24,2.17,1.84,5.68,,,,0,1,0,0,1,,,,,,,,,,,,1,0,
KEEL_20260302_backfill_7edb82,KEEL,2026-03-02,2026-03-02T00:00:00,backfill,backfill,2.15,,,,,,,,,,,DOWN,0.3968,UP,0.6558,-0.85,17.7,,,,,,,,,,,,,,,,,,,,,,,,2.11,2.26,2.31,1.95,6.1,,,,0,1,1,0,1,,,,,,,,,,,,1,0,
KEEL_20260303_backfill_4aeaa5,KEEL,2026-03-03,2026-03-03T00:00:00,backfill,backfill,1.99,,,,,,,,,,,UP,0.5394,UP,0.6287,0.6,13.47,,,,,,,,,,,,,,,,,,,,,,,,2.16,2.37,2.21,1.98,6.14,,,,1,1,1,0,1,,,,,,,,,,,,1,0,
KEEL_20260304_backfill_6433c4,KEEL,2026-03-04,2026-03-04T00:00:00,backfill,backfill,2.24,,,,,,,,,,,UP,0.54,UP,0.7763,5.14,20.92,,,,,,,,,,,,,,,,,,,,,,,,2.24,2.32,2.21,1.98,6.15,,,,0,1,0,0,1,,,,,,,,,,,,0,0,
KEEL_20260305_backfill_de4fe8,KEEL,2026-03-05,2026-03-05T00:00:00,backfill,backfill,2.22,,,,,,,,,,,UP,0.5883,UP,0.7483,4.43,21.35,,,,,,,,,,,,,,,,,,,,,,,,2.22,2.39,2.05,2.16,5.93,,,,1,1,0,0,1,,,,,,,,,,,,0,0,
KEEL_20260306_backfill_d11a16,KEEL,2026-03-06,2026-03-06T00:00:00,backfill,backfill,2.04,,,,,,,,,,,UP,0.6173,UP,0.6877,6.28,36.43,,,,,,,,,,,,,,,,,,,,,,,,2.24,2.17,1.95,2.04,5.13,,,,1,1,0,0,1,,,,,,,,,,,,1,0,
KEEL_20260309_backfill_2e90fa,KEEL,2026-03-09,2026-03-09T00:00:00,backfill,backfill,2.11,,,,,,,,,,,UP,0.574,UP,0.6649,1.74,36.86,,,,,,,,,,,,,,,,,,,,,,,,2.26,2.31,1.84,2.11,5.66,,,,1,1,0,0,1,,,,,,,,,,,,1,0,
KEEL_20260310_backfill_67aac7,KEEL,2026-03-10,2026-03-10T00:00:00,backfill,backfill,2.16,,,,,,,,,,,UP,0.5322,UP,0.7123,1.43,39.27,,,,,,,,,,,,,,,,,,,,,,,,2.37,2.21,1.95,2.1,5.42,,,,1,1,0,0,1,,,,,,,,,,,,1,0,
KEEL_20260311_backfill_663ef3,KEEL,2026-03-11,2026-03-11T00:00:00,backfill,backfill,2.24,,,,,,,,,,,DOWN,0.4912,UP,0.7235,2.1,37.23,,,,,,,,,,,,,,,,,,,,,,,,2.32,2.21,1.98,2.14,5.25,,,,1,0,0,0,1,,,,,,,,,,,,0,0,
KEEL_20260312_backfill_d82ef2,KEEL,2026-03-12,2026-03-12T00:00:00,backfill,backfill,2.22,,,,,,,,,,,DOWN,0.4918,UP,0.7152,0.88,32.75,,,,,,,,,,,,,,,,,,,,,,,,2.39,2.05,1.98,2.35,5.52,,,,1,0,0,1,1,,,,,,,,,,,,0,1,
KEEL_20260313_backfill_2a3571,KEEL,2026-03-13,2026-03-13T00:00:00,backfill,backfill,2.24,,,,,,,,,,,UP,0.5368,UP,0.706,2.96,30.83,,,,,,,,,,,,,,,,,,,,,,,,2.17,1.95,2.16,2.84,5.59,,,,0,0,0,1,1,,,,,,,,,,,,0,1,
KEEL_20260316_backfill_7c40f9,KEEL,2026-03-16,2026-03-16T00:00:00,backfill,backfill,2.26,,,,,,,,,,,UP,0.5852,UP,0.7048,3.96,30.81,,,,,,,,,,,,,,,,,,,,,,,,2.31,1.84,2.04,2.84,5.66,,,,1,0,0,1,1,,,,,,,,,,,,1,1,
KEEL_20260317_backfill_a827ea,KEEL,2026-03-17,2026-03-17T00:00:00,backfill,backfill,2.37,,,,,,,,,,,UP,0.6033,UP,0.7126,2.01,22.37,,,,,,,,,,,,,,,,,,,,,,,,2.21,1.95,2.11,2.74,5.96,,,,0,0,0,1,1,,,,,,,,,,,,0,1,
KEEL_20260318_backfill_d5bdb1,KEEL,2026-03-18,2026-03-18T00:00:00,backfill,backfill,2.32,,,,,,,,,,,UP,0.6045,UP,0.7261,2.87,34.35,,,,,,,,,,,,,,,,,,,,,,,,2.21,1.98,2.1,2.88,5.97,,,,0,0,0,1,1,,,,,,,,,,,,0,1,
KEEL_20260319_backfill_b58bc1,KEEL,2026-03-19,2026-03-19T00:00:00,backfill,backfill,2.39,,,,,,,,,,,UP,0.5979,UP,0.6979,0.49,24.85,,,,,,,,,,,,,,,,,,,,,,,,2.05,1.98,2.14,2.88,6.29,,,,0,0,0,1,1,,,,,,,,,,,,0,1,
KEEL_20260320_backfill_53f4f0,KEEL,2026-03-20,2026-03-20T00:00:00,backfill,backfill,2.17,,,,,,,,,,,UP,0.5522,UP,0.782,5.76,39.97,,,,,,,,,,,,,,,,,,,,,,,,1.95,2.16,2.35,2.8,6.29,,,,0,0,1,1,,,,,,,,,,,,,0,1,
KEEL_20260323_backfill_c42247,KEEL,2026-03-23,2026-03-23T00:00:00,backfill,backfill,2.31,,,,,,,,,,,UP,0.6324,UP,0.834,5.05,44.21,,,,,,,,,,,,,,,,,,,,,,,,1.84,2.04,2.84,3.04,6.6,,,,0,0,1,1,,,,,,,,,,,,,0,1,
KEEL_20260324_backfill_918548,KEEL,2026-03-24,2026-03-24T00:00:00,backfill,backfill,2.21,,,,,,,,,,,UP,0.6144,UP,0.8109,6.81,39.12,,,,,,,,,,,,,,,,,,,,,,,,1.95,2.11,2.84,3.24,5.87,,,,0,0,1,1,,,,,,,,,,,,,0,1,
KEEL_20260325_backfill_3f2200,KEEL,2026-03-25,2026-03-25T00:00:00,backfill,backfill,2.21,,,,,,,,,,,UP,0.5459,UP,0.8168,5.45,35.21,,,,,,,,,,,,,,,,,,,,,,,,1.98,2.1,2.74,3.29,6.03,,,,0,0,1,1,,,,,,,,,,,,,0,1,
KEEL_20260326_backfill_6e19f0,KEEL,2026-03-26,2026-03-26T00:00:00,backfill,backfill,2.05,,,,,,,,,,,UP,0.5141,UP,0.7349,7.36,37.91,,,,,,,,,,,,,,,,,,,,,,,,1.98,2.14,2.88,3.14,6.03,,,,0,1,1,1,,,,,,,,,,,,,0,1,
KEEL_20260327_backfill_f863ba,KEEL,2026-03-27,2026-03-27T00:00:00,backfill,backfill,1.95,,,,,,,,,,,UP,0.6062,UP,0.7081,4.51,22.77,,,,,,,,,,,,,,,,,,,,,,,,2.16,2.35,2.88,2.89,6.03,,,,1,1,1,1,,,,,,,,,,,,,1,1,
KEEL_20260330_backfill_60ff2b,KEEL,2026-03-30,2026-03-30T00:00:00,backfill,backfill,1.84,,,,,,,,,,,UP,0.7408,UP,0.6739,8.57,8.77,,,,,,,,,,,,,,,,,,,,,,,,2.04,2.84,2.8,2.74,5.38,,,,1,1,1,1,,,,,,,,,,,,,1,1,
KEEL_20260331_backfill_364350,KEEL,2026-03-31,2026-03-31T00:00:00,backfill,backfill,1.95,,,,,,,,,,,UP,0.5743,UP,0.7041,2.45,11.72,,,,,,,,,,,,,,,,,,,,,,,,2.11,2.84,3.04,3.03,4.59,,,,1,1,1,1,,,,,,,,,,,,,1,1,
KEEL_20260401_backfill_c45927,KEEL,2026-04-01,2026-04-01T00:00:00,backfill,backfill,1.98,,,,,,,,,,,UP,0.5581,UP,0.7205,1.73,12.59,,,,,,,,,,,,,,,,,,,,,,,,2.1,2.74,3.24,3.09,4.59,,,,1,1,1,1,,,,,,,,,,,,,1,1,
KEEL_20260402_backfill_2fa6c2,KEEL,2026-04-02,2026-04-02T00:00:00,backfill,backfill,1.98,,,,,,,,,,,UP,0.5245,UP,0.7046,2.06,13.22,,,,,,,,,,,,,,,,,,,,,,,,2.14,2.88,3.29,3.25,4.59,,,,1,1,1,1,,,,,,,,,,,,,1,1,
KEEL_20260406_backfill_0d21bc,KEEL,2026-04-06,2026-04-06T00:00:00,backfill,backfill,2.16,,,,,,,,,,,DOWN,0.4735,UP,0.8274,0.67,28.99,,,,,,,,,,,,,,,,,,,,,,,,2.35,2.88,3.14,3.53,,,,,1,1,1,1,,,,,,,,,,,,,0,1,
KEEL_20260407_backfill_d0f837,KEEL,2026-04-07,2026-04-07T00:00:00,backfill,backfill,2.04,,,,,,,,,,,DOWN,0.4981,UP,0.768,1.66,25.85,,,,,,,,,,,,,,,,,,,,,,,,2.84,2.8,2.89,4.12,,,,,1,1,1,1,,,,,,,,,,,,,0,1,
KEEL_20260408_backfill_02c984,KEEL,2026-04-08,2026-04-08T00:00:00,backfill,backfill,2.11,,,,,,,,,,,DOWN,0.4965,UP,0.797,2.28,29.54,,,,,,,,,,,,,,,,,,,,,,,,2.84,3.04,2.74,4.01,,,,,1,1,1,1,,,,,,,,,,,,,0,1,
KEEL_20260409_backfill_393517,KEEL,2026-04-09,2026-04-09T00:00:00,backfill,backfill,2.1,,,,,,,,,,,UP,0.5205,UP,0.7945,2.47,28.27,,,,,,,,,,,,,,,,,,,,,,,,2.74,3.24,3.03,3.97,,,,,1,1,1,1,,,,,,,,,,,,,1,1,
KEEL_20260410_backfill_218791,KEEL,2026-04-10,2026-04-10T00:00:00,backfill,backfill,2.14,,,,,,,,,,,DOWN,0.4399,UP,0.826,-0.1,24.0,,,,,,,,,,,,,,,,,,,,,,,,2.88,3.29,3.09,4.3,,,,,1,1,1,1,,,,,,,,,,,,,0,1,
KEEL_20260413_backfill_a09ce5,KEEL,2026-04-13,2026-04-13T00:00:00,backfill,backfill,2.35,,,,,,,,,,,DOWN,0.4622,UP,0.8252,1.98,26.86,,,,,,,,,,,,,,,,,,,,,,,,2.88,3.14,3.25,4.07,,,,,1,1,1,1,,,,,,,,,,,,,0,1,
KEEL_20260414_backfill_f95e63,KEEL,2026-04-14,2026-04-14T00:00:00,backfill,backfill,2.84,,,,,,,,,,,UP,0.5901,UP,0.5088,11.78,16.86,,,,,,,,,,,,,,,,,,,,,,,,2.8,2.89,3.53,4.15,,,,,0,1,1,1,,,,,,,,,,,,,0,1,
KEEL_20260415_backfill_9d8ec2,KEEL,2026-04-15,2026-04-15T00:00:00,backfill,backfill,2.84,,,,,,,,,,,UP,0.5859,UP,0.632,8.95,15.14,,,,,,,,,,,,,,,,,,,,,,,,3.04,2.74,4.12,4.61,,,,,1,0,1,1,,,,,,,,,,,,,1,1,
KEEL_20260416_backfill_9de6a4,KEEL,2026-04-16,2026-04-16T00:00:00,backfill,backfill,2.74,,,,,,,,,,,UP,0.6515,UP,0.72,15.0,18.36,,,,,,,,,,,,,,,,,,,,,,,,3.24,3.03,4.01,4.39,,,,,1,1,1,1,,,,,,,,,,,,,1,1,
KEEL_20260417_backfill_a165e3,KEEL,2026-04-17,2026-04-17T00:00:00,backfill,backfill,2.88,,,,,,,,,,,UP,0.5602,UP,0.6882,7.39,12.68,,,,,,,,,,,,,,,,,,,,,,,,3.29,3.09,3.97,4.18,,,,,1,1,1,1,,,,,,,,,,,,,1,1,
KEEL_20260420_backfill_c30bc7,KEEL,2026-04-20,2026-04-20T00:00:00,backfill,backfill,2.88,,,,,,,,,,,DOWN,0.4147,UP,0.5896,1.36,-1.24,,,,,,,,,,,,,,,,,,,,,,,,3.14,3.25,4.3,4.21,,,,,1,1,1,1,,,,,,,,,,,,,0,1,
KEEL_20260421_backfill_002b34,KEEL,2026-04-21,2026-04-21T00:00:00,backfill,backfill,2.8,,,,,,,,,,,UP,0.514,UP,0.5314,3.14,-2.9,,,,,,,,,,,,,,,,,,,,,,,,2.89,3.53,4.07,4.23,,,,,1,1,1,1,,,,,,,,,,,,,1,1,
KEEL_20260422_backfill_fcf0c7,KEEL,2026-04-22,2026-04-22T00:00:00,backfill,backfill,3.04,,,,,,,,,,,DOWN,0.4216,UP,0.551,1.17,-5.88,,,,,,,,,,,,,,,,,,,,,,,,2.74,4.12,4.15,4.64,,,,,0,1,1,1,,,,,,,,,,,,,1,1,
KEEL_20260423_backfill_94e5f1,KEEL,2026-04-23,2026-04-23T00:00:00,backfill,backfill,3.24,,,,,,,,,,,DOWN,0.4079,DOWN,0.3673,1.55,-11.6,,,,,,,,,,,,,,,,,,,,,,,,3.03,4.01,4.61,4.81,,,,,0,1,1,1,,,,,,,,,,,,,1,0,
KEEL_20260424_backfill_d937ea,KEEL,2026-04-24,2026-04-24T00:00:00,backfill,backfill,3.29,,,,,,,,,,,DOWN,0.4212,DOWN,0.3607,0.69,-12.97,,,,,,,,,,,,,,,,,,,,,,,,3.09,3.97,4.39,5.13,,,,,0,1,1,1,,,,,,,,,,,,,1,0,
KEEL_20260427_backfill_f34b44,KEEL,2026-04-27,2026-04-27T00:00:00,backfill,backfill,3.14,,,,,,,,,,,DOWN,0.295,DOWN,0.1394,-2.7,-14.99,,,,,,,,,,,,,,,,,,,,,,,,3.25,4.3,4.18,5.505,,,,,1,1,1,1,,,,,,,,,,,,,0,0,
KEEL_20260428_backfill_785ac1,KEEL,2026-04-28,2026-04-28T00:00:00,backfill,backfill,2.89,,,,,,,,,,,DOWN,0.2625,DOWN,0.1249,-3.18,-15.68,,,,,,,,,,,,,,,,,,,,,,,,3.53,4.07,4.21,5.62,,,,,1,1,1,1,,,,,,,,,,,,,0,0,
KEEL_20260429_backfill_06c7af,KEEL,2026-04-29,2026-04-29T00:00:00,backfill,backfill,2.74,,,,,,,,,,,DOWN,0.2664,DOWN,0.0819,-3.4,-13.07,,,,,,,,,,,,,,,,,,,,,,,,4.12,4.15,4.23,5.68,,,,,1,1,1,1,,,,,,,,,,,,,0,0,
KEEL_20260430_backfill_353ec5,KEEL,2026-04-30,2026-04-30T00:00:00,backfill,backfill,3.03,,,,,,,,,,,DOWN,0.2659,DOWN,0.0606,-4.01,-17.64,,,,,,,,,,,,,,,,,,,,,,,,4.01,4.61,4.64,6.1,,,,,1,1,1,1,,,,,,,,,,,,,0,0,
KEEL_20260501_backfill_d1475a,KEEL,2026-05-01,2026-05-01T00:00:00,backfill,backfill,3.09,,,,,,,,,,,DOWN,0.2181,DOWN,0.0597,-4.99,-12.85,,,,,,,,,,,,,,,,,,,,,,,,3.97,4.39,4.81,6.14,,,,,1,1,1,1,,,,,,,,,,,,,0,0,
KEEL_20260504_backfill_b6fc77,KEEL,2026-05-04,2026-05-04T00:00:00,backfill,backfill,3.25,,,,,,,,,,,DOWN,0.2232,DOWN,0.118,-3.89,-14.43,,,,,,,,,,,,,,,,,,,,,,,,4.3,4.18,5.13,6.15,,,,,1,1,1,1,,,,,,,,,,,,,0,0,
KEEL_20260505_backfill_8736ea,KEEL,2026-05-05,2026-05-05T00:00:00,backfill,backfill,3.53,,,,,,,,,,,DOWN,0.2312,DOWN,0.092,-3.02,-10.11,,,,,,,,,,,,,,,,,,,,,,,,4.07,4.21,5.505,5.93,,,,,1,1,1,1,,,,,,,,,,,,,0,0,
KEEL_20260506_backfill_8fca6d,KEEL,2026-05-06,2026-05-06T00:00:00,backfill,backfill,4.12,,,,,,,,,,,DOWN,0.3957,DOWN,0.2319,0.37,-8.01,,,,,,,,,,,,,,,,,,,,,,,,4.15,4.23,5.62,5.13,,,,,1,1,1,1,,,,,,,,,,,,,0,0,
KEEL_20260507_backfill_7ae245,KEEL,2026-05-07,2026-05-07T00:00:00,backfill,backfill,4.01,,,,,,,,,,,DOWN,0.2652,DOWN,0.1921,-3.3,-12.12,,,,,,,,,,,,,,,,,,,,,,,,4.61,4.64,5.68,5.66,,,,,1,1,1,1,,,,,,,,,,,,,0,0,
KEEL_20260508_backfill_d48a7e,KEEL,2026-05-08,2026-05-08T00:00:00,backfill,backfill,3.97,,,,,,,,,,,DOWN,0.316,DOWN,0.1534,-3.94,-10.55,,,,,,,,,,,,,,,,,,,,,,,,4.39,4.81,6.1,5.42,,,,,1,1,1,1,,,,,,,,,,,,,0,0,
KEEL_20260511_backfill_98ac29,KEEL,2026-05-11,2026-05-11T00:00:00,backfill,backfill,4.3,,,,,,,,,,,DOWN,0.2723,DOWN,0.2732,0.13,-11.16,,,,,,,,,,,,,,,,,,,,,,,,4.18,5.13,6.14,5.25,,,,,0,1,1,1,,,,,,,,,,,,,1,0,
KEEL_20260512_backfill_0444f9,KEEL,2026-05-12,2026-05-12T00:00:00,backfill,backfill,4.07,,,,,,,,,,,DOWN,0.342,DOWN,0.1075,-2.02,-14.18,,,,,,,,,,,,,,,,,,,,,,,,4.21,5.505,6.15,5.52,,,,,1,1,1,1,,,,,,,,,,,,,0,0,
KEEL_20260513_backfill_5c3820,KEEL,2026-05-13,2026-05-13T00:00:00,backfill,backfill,4.15,,,,,,,,,,,DOWN,0.34,DOWN,0.0957,-1.89,-15.98,,,,,,,,,,,,,,,,,,,,,,,,4.23,5.62,5.93,5.59,,,,,1,1,1,1,,,,,,,,,,,,,0,0,
KEEL_20260514_backfill_cff7f1,KEEL,2026-05-14,2026-05-14T00:00:00,backfill,backfill,4.61,,,,,,,,,,,DOWN,0.2454,DOWN,0.106,-2.95,-22.22,,,,,,,,,,,,,,,,,,,,,,,,4.64,5.68,5.13,5.66,,,,,1,1,1,1,,,,,,,,,,,,,0,0,
KEEL_20260515_backfill_1cb6e2,KEEL,2026-05-15,2026-05-15T00:00:00,backfill,backfill,4.39,,,,,,,,,,,DOWN,0.2875,DOWN,0.0848,-1.22,-15.78,,,,,,,,,,,,,,,,,,,,,,,,4.81,6.1,5.66,5.96,,,,,1,1,1,1,,,,,,,,,,,,,0,0,
KEEL_20260518_backfill_6cc52f,KEEL,2026-05-18,2026-05-18T00:00:00,backfill,backfill,4.18,,,,,,,,,,,DOWN,0.3884,DOWN,0.118,-1.88,-12.47,,,,,,,,,,,,,,,,,,,,,,,,5.13,6.14,5.42,5.97,,,,,1,1,1,1,,,,,,,,,,,,,0,0,
KEEL_20260519_backfill_bf65e4,KEEL,2026-05-19,2026-05-19T00:00:00,backfill,backfill,4.21,,,,,,,,,,,DOWN,0.2978,DOWN,0.101,-2.16,-16.69,,,,,,,,,,,,,,,,,,,,,,,,5.505,6.15,5.25,6.29,,,,,1,1,1,1,,,,,,,,,,,,,0,0,
KEEL_20260622_212126_58b061,KEEL,2026-06-22,2026-06-22T21:21:26,llm,Azure OpenAI,6.29,HOLD,LOW,,,,,,,,,DOWN,0.2608,DOWN,0.0792,-3.99,-18.87,8.3,50.0,0.0,16.7,10.9,,,,,Why Is KEEL Stock Jumping Over 5% In Overnight Trading?,Keel Infrastructure Corp (KEEL) Soars 5.4%: Is Further Upside Left in the Stock?,Will KEEL's Near-Term Lease Execution Demonstrate Its Worth?,0.0,NEUTRAL,,,,62684940.0,1.095,0.3,0.1987,1.95,0.123500004,5.78,,,,,,,,,,,,,,,,,,,,,,,,1,,
KEEL_20260622_212126_731e97,KEEL,2026-06-22,2026-06-22T21:21:26,llm,Google Gemini (gemini-3.1-pro-preview),6.29,SELL,MEDIUM,6.2113,6.143,6.1074,6.0524,5.6181,5.1094,4.5632,4.1732,DOWN,0.2608,DOWN,0.0792,-3.99,-18.87,,,,,,"Technical indicators show a strong short-term uptrend, but momentum is overextended.",The business is fundamentally weak with extreme debt and negative margins.,The stock is significantly overvalued given its fundamental distress.,"Market mood is euphoric, driven by AI hype and buying pressure.",Why Is KEEL Stock Jumping Over 5% In Overnight Trading?,Keel Infrastructure Corp (KEEL) Soars 5.4%: Is Further Upside Left in the Stock?,Will KEEL's Near-Term Lease Execution Demonstrate Its Worth?,0.0,NEUTRAL,Near-term lease execution for AI data centers.; Further capital raises or debt restructuring announcements.,AI data center pivot provides near-term upside pressure.; Massive buybacks support short-term momentum.; Favorable macro conditions and risk-on regime.,Unsustainable debt load threatens long-term viability.; Deeply negative operating margins of -143.7%.; Extreme long-term downside risk and fundamental distress.,62684940.0,1.095,0.3,0.1987,1.95,0.123500004,5.78,,,,,,,,1,,,,,,,,-6.94,,,,,,,,1,,
KEEL_20260622_212126_fb2e2b,KEEL,2026-06-22,2026-06-22T21:21:26,llm,DeepSeek (deepseek-reasoner),6.29,HOLD,LOW,6.21,6.14,6.11,6.05,5.62,5.11,4.56,4.17,DOWN,0.2608,DOWN,0.0792,-3.99,-18.87,,,,,,"Price is in a strong uptrend with golden cross and high ADX, but MACD bearish divergence suggests caution.","The business shows severe financial distress with negative margins and high leverage, making it a poor long-term hold.","With no positive earnings and a negative P/E, the stock appears overvalued relative to its fundamentals.","Market mood is greedy with buying pressure, but this may be short-lived and prone to reversal.",Why Is KEEL Stock Jumping Over 5% In Overnight Trading?,Keel Infrastructure Corp (KEEL) Soars 5.4%: Is Further Upside Left in the Stock?,Will KEEL's Near-Term Lease Execution Demonstrate Its Worth?,0.0,NEUTRAL,Near-term lease execution to prove value; Continued AI data center demand news,AI pivot and $458M raise fuel momentum; Technical uptrend very strong with golden cross; Short-term greed and buying pressure persist,Extreme negative margins and high leverage; ML models predict sharp downward moves ahead; MACD bearish divergence signals fragility,62684940.0,1.095,0.3,0.1987,1.95,0.123500004,5.78,,,,,,,,1,,,,,,,,-6.92,,,,,,,,1,,
KEEL_20260623_013936_4618eb,KEEL,2026-06-23,2026-06-23T01:39:36,llm,Azure OpenAI,6.9467,HOLD,LOW,,,,,,,,,DOWN,0.33,DOWN,0.1225,-6.54,-17.37,8.3,57.1,0.0,16.7,13.8,N/A,N/A,N/A,N/A,Why Is KEEL Stock Jumping Over 5% In Overnight Trading?,Keel Infrastructure Corp (KEEL) Soars 5.4%: Is Further Upside Left in the Stock?,Will KEEL's Near-Term Lease Execution Demonstrate Its Worth?,0.0,NEUTRAL,,,,68019829.0,1.146,0.244,2.9091,1.95,0.123500004,5.74,,,,,,,,,,,,,,,,,,,,,,,,1,,
KEEL_20260623_013936_636577,KEEL,2026-06-23,2026-06-23T01:39:36,llm,Google Gemini (gemini-3.1-pro-preview),6.9467,HOLD,LOW,6.8592,6.7832,6.7437,6.6825,6.1999,5.6349,5.0285,4.5961,DOWN,0.33,DOWN,0.1225,-6.54,-17.37,,,,,,"Price is overextended with an overbought RSI, suggesting a potential pullback despite strong momentum.","The business is fundamentally weak, characterized by extreme debt and deeply negative operating margins.","The stock is significantly overvalued, trading on hype rather than underlying financial health.","Market mood is euphoric, driven by AI optimism, but vulnerable to sudden shifts.",Why Is KEEL Stock Jumping Over 5% In Overnight Trading?,Keel Infrastructure Corp (KEEL) Soars 5.4%: Is Further Upside Left in the Stock?,Will KEEL's Near-Term Lease Execution Demonstrate Its Worth?,0.0,NEUTRAL,Execution of near-term leases for AI data centers.; Fading of AI-driven momentum and euphoria.,Aggressive AI pivot and $458M capital raise.; Strong buying pressure and bullish sentiment.; Technical momentum with price above SMA-200.,Fundamentally distressed with -143.7% operating margin.; Overvalued asset propped up by unsustainable hype.; Overbought RSI suggests high risk of mean reversion.,68019829.0,1.146,0.244,2.9091,1.95,0.123500004,5.74,,,,,,,,1,,,,,,,,-16.32,,,,,,,,1,,
KEEL_20260623_013936_8c9d7a,KEEL,2026-06-23,2026-06-23T01:39:36,llm,DeepSeek (deepseek-reasoner),6.9467,HOLD,LOW,,,,,,,,,DOWN,0.33,DOWN,0.1225,-6.54,-17.37,,,,,,N/A,N/A,N/A,N/A,Why Is KEEL Stock Jumping Over 5% In Overnight Trading?,Keel Infrastructure Corp (KEEL) Soars 5.4%: Is Further Upside Left in the Stock?,Will KEEL's Near-Term Lease Execution Demonstrate Its Worth?,0.0,NEUTRAL,,,,68019829.0,1.146,0.244,2.9091,1.95,0.123500004,5.74,,,,,,,,,,,,,,,,,,,,,,,,1,,
KEEL_20260624_100401_294140,KEEL,2026-06-24,2026-06-24T10:04:01,llm,Azure OpenAI,6.6,HOLD,LOW,,,,,,,,,DOWN,0.3067,DOWN,0.068,-6.82,-20.83,8.3,50.0,0.0,16.7,11.2,N/A,N/A,N/A,N/A,"Why Did INTC, KEEL, APGE Stocks Hit 52-Week Highs Today?",Why Is KEEL Stock Jumping Over 5% In Overnight Trading?,Keel Infrastructure Corp (KEEL) Soars 5.4%: Is Further Upside Left in the Stock?,0.0,NEUTRAL,,,,77204840.0,1.251,0.238,4.1022,1.95,0.123500004,5.38,,,,,,,,,,,,,,,,,,,,,,,,1,,
KEEL_20260624_100401_3d52c2,KEEL,2026-06-24,2026-06-24T10:04:01,llm,Google Gemini (gemini-3.1-pro-preview),6.6,SELL,MEDIUM,6.15,5.9,5.6,5.22,4.5,4.0,3.5,3.0,DOWN,0.3067,DOWN,0.068,-6.82,-20.83,,,,,,Overbought conditions suggest a potential pullback despite the current bullish MACD and moving averages.,"The business is fundamentally weak with massive debt, negative margins, and poor valuation metrics.","The stock is severely overvalued, trading on hype rather than intrinsic financial health.","Market mood is currently driven by greed and buying pressure, creating a dangerous bubble.","Why Did INTC, KEEL, APGE Stocks Hit 52-Week Highs Today?",Why Is KEEL Stock Jumping Over 5% In Overnight Trading?,Keel Infrastructure Corp (KEEL) Soars 5.4%: Is Further Upside Left in the Stock?,0.0,NEUTRAL,Near-term lease execution updates; Shifts in AI sector sentiment,Strong AI-driven momentum; Recent massive capital raise; Buying pressure and greed sentiment,Fundamentally broken company; Massive debt and negative margins; Overbought technicals vulnerable to correction,77204840.0,1.251,0.238,4.1022,1.95,0.123500004,5.38,,,,,,,,1,,,,,,,,-12.52,,,,,,,,1,,
KEEL_20260624_100401_4a5528,KEEL,2026-06-24,2026-06-24T10:04:01,llm,DeepSeek (deepseek-reasoner),6.6,SELL,MEDIUM,6.517,6.445,6.407,6.349,5.89,5.352,4.775,4.363,DOWN,0.3067,DOWN,0.068,-6.82,-20.83,,,,,,"Overbought RSI and high trend exhaustion indicate a reversal, supporting a short entry at $6.6.","Business health is extremely poor with negative margins, high debt, and declining revenue.","At $6.6, the stock is overvalued given negative earnings and forward P/E of -101.","Market mood is excessively greedy, which often precedes corrections.","Why Did INTC, KEEL, APGE Stocks Hit 52-Week Highs Today?",Why Is KEEL Stock Jumping Over 5% In Overnight Trading?,Keel Infrastructure Corp (KEEL) Soars 5.4%: Is Further Upside Left in the Stock?,0.0,NEUTRAL,Potential AI data center wins; Shift in macroeconomic conditions to risk-off,AI data center pivot provides growth narrative; Strong near-term sentiment from AI hype; Aggressive share buyback supports price,Fundamentally distressed with high debt and negative margins; Overbought technicals and greedy sentiment indicate pullback; History shows extreme downside risk from current highs,77204840.0,1.251,0.238,4.1022,1.95,0.123500004,5.38,,,,,,,,1,,,,,,,,-17.45,,,,,,,,1,,
KEEL_20260704_011432_50ff5d,KEEL,2026-07-04,2026-07-04T01:14:32,no_llm,rule_based,4.59,STRONG SELL,HIGH,4.53,1.76,1.75,4.39,4.04,3.62,3.18,2.87,DOWN,0.4176,DOWN,0.3563,-1.38,-4.3,8.3,42.9,11.3,16.7,18.5,Technical score 43/100 (Grade D). Trend/momentum picture is BEARISH.,Business health score 8/100 (Grade F). 0 of 6 metrics are strong. Verdict: WEAK.,Valuation score 14/100 (Grade F). Stock appears OVERVALUED on balance.,N/A (rule-based mode — no LLM sentiment analysis).,"Adeia Picks a Fight, and Investors Pick the Exit",Keel Infrastructure (KEEL) Left Bitcoin Behind For AI And Wall Street Sees It Doubling From Here,Keel Infrastructure (KEEL) Stock Could Be Fully Valued Despite Russell 3000 Inclusion,0.0,NEUTRAL,,ENTRY ZONE (37.3); NEAR LOWER BAND / OVERSOLD (%B=-0.10),"WEAK (<8%); BEARISH crossover; POOR (-0.04, <1.0)",56589580.0,0.858,0.677,3.3602,1.73,0.1471,,,,,,,,,,,,,,,,,,,,,,,,,,,
KEEL_20260705_003733_d89d24,KEEL,2026-07-05,2026-07-05T00:37:33,llm,Azure OpenAI,4.59,HOLD,LOW,,,,,,,,,DOWN,0.3932,DOWN,0.3563,-1.08,-6.26,8.3,42.9,39.9,16.7,27.1,N/A,N/A,N/A,N/A,"Adeia Picks a Fight, and Investors Pick the Exit",Keel Infrastructure (KEEL) Left Bitcoin Behind For AI And Wall Street Sees It Doubling From Here,Keel Infrastructure (KEEL) Stock Could Be Fully Valued Despite Russell 3000 Inclusion,0.0,NEUTRAL,,,,56635700.0,0.858,0.677,3.5906,1.73,0.1471,,,,,,,,,,,,,,,,,,,,,,,,,,,
KEEL_20260705_003733_84ba42,KEEL,2026-07-05,2026-07-05T00:37:33,llm,Google Gemini (gemini-3.1-pro-preview),4.59,SELL,HIGH,4.5266,4.4711,4.4404,4.3943,4.0383,3.6198,3.1844,2.8709,DOWN,0.3932,DOWN,0.3563,-1.08,-6.26,,,,,,Bearish momentum and oversold squeeze suggest fading the current price action.,Severely distressed with massive margin deficits and extreme debt load.,Overvalued with a negative P/E and questionable buyback program.,"Euphoric and bullish, driven by AI hype and index inclusion.","Adeia Picks a Fight, and Investors Pick the Exit",Keel Infrastructure (KEEL) Left Bitcoin Behind For AI And Wall Street Sees It Doubling From Here,Keel Infrastructure (KEEL) Stock Could Be Fully Valued Despite Russell 3000 Inclusion,0.0,NEUTRAL,Russell 3000 inclusion effects; AI pivot developments,AI catalysts driving sentiment; Russell 3000 index inclusion; Aggressive share buyback program,Severe fundamental deterioration; Massive margin deficits; Extreme debt load and insolvency risk,56635700.0,0.858,0.677,3.5906,1.73,0.1471,,,,,,,,,,,,,,,,,,,,,,,,,,,
KEEL_20260705_003733_a390ab,KEEL,2026-07-05,2026-07-05T00:37:33,llm,DeepSeek (deepseek-reasoner),4.59,SELL,MEDIUM,4.5266,4.4711,4.4404,4.3943,4.0383,3.6198,3.1844,2.8709,DOWN,0.3932,DOWN,0.3563,-1.08,-6.26,,,,,,"Price is near lower Bollinger Band with bearish MACD and strong downtrend, but OBV divergence suggests potential short-term bounce.","Company is in severe financial distress with negative margins, declining revenue, and high debt.",Overvalued with negative P/E and no DCF support; current price is not justified by fundamentals.,"Despite greed and buying pressure, the market mood is not aligned with underlying weakness.","Adeia Picks a Fight, and Investors Pick the Exit",Keel Infrastructure (KEEL) Left Bitcoin Behind For AI And Wall Street Sees It Doubling From Here,Keel Infrastructure (KEEL) Stock Could Be Fully Valued Despite Russell 3000 Inclusion,0.0,NEUTRAL,AI narrative and Russell 3000 inclusion; Earnings miss or debt default risk,AI pivot attracts speculative capital; Russell 3000 inclusion boosts visibility; Oversold squeeze with bullish volume divergence,"Revenue -22% YoY, -144% margins, high debt; MACD bearish, ADX strong downtrend; ML predicts continued price decline",56635700.0,0.858,0.677,3.5906,1.73,0.1471,,,,,,,,,,,,,,,,,,,,,,,,,,,
